ADDRESS,CREDIT LIMIT,latitude,longitude
"-


","30,000.00",1.539230881,103.8114613
"M76 & M93  PASAR AWAM LARKIN 

LARKIN
JOHOR",0,1.4964099,103.7424457
"M 18 & M 19, PASAR AWAM LARKIN, JLN GARUDA

LARKIN
JOHOR",0,1.4964099,103.7424457
"NO 5, JALAN BESAR,
FELDA TAIB ANDAK
KULAI
JOHOR",0,1.7324761,103.6445002
"13, JLN MAWAR , 
FELDA TAIB ANDAK, KULAIJAYA
 KULAI
JOHOR",0,1.7324737,103.644823
"3108, JLN MERBAU 1, 
BANDAR PUTRA
KULAI
JOHOR",0,1.6509117,103.6225244
"4970. JLN MERBAU 11,
BANDAR PUTRA KULAI
KULAI
JOHOR",0,1.6507464,103.6218621
"LOT S1, KOMPLEKS SETIA INDAH, JALAN SETIA 3/7
TAMAN SETIA INDAH
KULAI
JOHOR",0,1.5722756,103.7582987
"JALAN AIR MANIS
KAMPUNG AIR MANIS
KULAI
JOHOR",0,1.706554,103.4808001
"C13 & C14, PAGAR BESAR KULAI,
KULAIJAYA
KULAI
JOHOR",0,1.673384549,103.6124339
"C11-F, JLN JAMBU KG SRI PAYA, 
BATU 26
KULAI
JOHOR",0,1.664375,103.5301881
"KEDAI NO. 1, JALAN PASAR,
FELDA SUNGAI SAYONG
KULAI
JOHOR",0,1.6608569,103.6045671
"LOT592-B, BATU 18, JALAN SUNGAI TIRAM
KAMPUNG SG. TIRAM, 
ULU TIRAM
JOHOR",0,1.5827543,103.8848982
"NO 1, BANGUNAN KEDAI PPR, JALAN BAKAWALI, 
FELDA ULU TEBRAU
TIRAM
JOHOR",0,1.6315119,103.7549629
"NO 3, GERAI JKKR, JALAN BAKAWALI, 
FELDA ULU TEBRAU
TIRAM
JOHOR",0,1.63176,103.7551173
"SMART SURIA ENTERPRISE
TAMAN SURIA
ULU TIRAM 
JOHOR",0,1.5053079,103.7619149
"AT-07, PASAR BORONG PANDAN, 
KG SRI PURNAMA, KANGKAR TEBRAU
TEBRAU
JOHOR",0,1.5247912,103.7655168
"NO 11, JALAN UTAMA, 
KG MELAYU MAJIDEE
LARKIN
JOHOR",0,1.5100202,103.7572394
"NO 11, JLN MUAFAKAT,
KG MELAYU MAJIDEE
LARKIN
JOHOR",0,1.509935,103.7510712
"2, JLN SAUDARA, 
KG MELAYU MAJIDE
LARKIN
JOHOR",0,1.5101949,103.7474043
"2, JALAN NIPAH 14, 
TAMAN DAYA
JOHOR BAHRU
JOHOR",0,1.5456244,103.757873
"NO 10, JALAN DESA MUTIARA UTAMA, 
TAMAN DESA MUTIARA
JOHOR BAHRU
JOHOR",0,1.5394088,103.7475748
"NO 44, JALAN PERJIRANAN 2, 
BANDAR DATO' ONN
JOHOR BAHRU
JOHOR",0,1.557849,103.73864
"R-4, & R-5, PASAR AWAM, 
TMN JOHOR JAYA
JOHOR BAHRU
JOHOR",0,1.5457937,103.8048267
"NO 14, JALAN DESA MUTIARA UTAMA, 
TAMAN DESA MUTIARA
JOHOR BAHRU
JOHOR",0,1.5392192,103.7477752
"BZR 10, MEDAN NIAGA KG MELAYU
KG MELAYU MAJIDEE
JOHOR BAHRU
JOHOR",0,1.5138644,103.7565177
"BZR 2, MEDAN NIAGA 
KG MELAYU MAJIDI
JOHOR BAHRU
JOHOR",0,1.514917,103.75584
"JALAN BESAR
BUKIT BATU
KULAI
JOHOR",0,1.7278781,103.4455623
"NO 44-46, JLN PULAI INDAH 1/2, 
TAMAN PULAI INDAH, KANGKAR PULAI
PULAI
JOHOR",0,1.5434645,103.5831641
"5&7, JLN PI 2/7,
TMN PULAI INDAH, KANGKAR PULAI
PULAI
JOHOR",0,1.5434645,103.5831641
"NO 4, JLN PULAI RIA 2
BANDAR BARU KANGKAR PULAI
PULAI
JOHOR",0,1.5693108,103.5972675
"NO 48, JLN ENAU 15
TAMAN TERATAI
PULAI
JOHOR",0,1.566444,103.61104
"55, JLN PULAI HARMONI 1,
PANGSAPURI MERAK, KANGKAR PULAI
PULAI
JOHOR",0,1.553443,103.590964
"50, JLN PULAI INDAH 11/1,
TMN PULAI INDAH, KANGKAR PULAI
PULAI
JOHOR",0,1.5388691,103.5767709
"41, JLN PI 2/7, 
TMN PULAI INDAH, KANGKAR PULAI
PULAI
JOHOR",0,1.5434645,103.5831641
"NO.16,18,20,22 JALAN PI 11/1
TAMAN PULAI INDAH
SKUDAI
JOHOR",0,1.5429939,103.5836224
"3 & 5, PANGSAPURI MERAK, JLN PULAI HARMONI 1,
BANDAR BARU KANGKAR
JOHOR BAHRU
JOHOR",0,1.5530914,103.5916811
"NO 2, JALAN 3, 
TAMAN PERUMAHAN RAKYAT LIMA KEDAI
GELANG PATAH
JOHOR",0,1.5051325,103.6210707
"NO 3, JALAN PADI RIA 13, 
BANDAR BARU UDA
TAMPOI
JOHOR",0,1.4997209,103.7189954
"NO 44, JLN PADI EMAS 2,
BANDAR BARU UDA
TAMPOI
JOHOR",0,1.4962832,103.7105495
"NO 56, JLN PADI EMAS 2, 
BANDAR BARU UDA
TAMPOI
JOHOR",0,1.4966219,103.710782
"M31, LOT PTD 129842, JLN SKUDAI LAMA, 
TAMAN TAMPOI INDAH
TAMPOI
JOHOR",0,1.5078379,103.6872278
"M42 & M43 KIPMART TAMPOI, 
TAMAN TAMPOI INDAH
TAMPOI
JOHOR",0,1.4967361,103.7008591
"M 20/21, KIPMART TAMPOI, 
TAMAN TAMPOI INDAH
TAMPOI
JOHOR",0,1.50841,103.68737
"M30, KIP MART TAMPOI
TAMAN TAMPOI INDAH
TAMPOI
JOHOR",0,1.5091822,103.6874906
"1086, JLN DENAI 5,
KEMPAS BAU TAMPOI
TAMPOI
JOHOR",0,1.5179716,103.7201785
"20, JALAN KACUNG 2,
S.E.D.C 
TAMPOI
JOHOR",0,1.5127987,103.7035688
"M7, KIPMART TAMPOI, LOT PTD 12984, 
TMN TAMPOI INDAH
TAMPOI
JOHOR",0,1.5137159,103.7027849
"M 18, KIPMART TAMPOI, LOT PTD 129842, 
TMN TAMPOI INDAH
TAMPOI
JOHOR",0,1.5096504,103.6870638
"78, JLN PADI 2, 
BANDAR BARU UDA
TAMPOI
JOHOR",0,1.4894369,103.7132879
"M19,KIPMART TAMPOI, JLN SKUDAI LAMA
TAMAN TAMPOI INDAH, 
SKUDAI
JOHOR",0,1.509107,103.6869469
"W39,40 & 41, @ MART KEMPAS, NO 10, JALAN PERSIARAN TANJUNG, 
TAMAN CEMPAKA
KEMPAS
JOHOR",0,1.5142855,103.7029514
"W31, PASARAYA KOMUNITI @ MART KEMPAS, 10 JLN PERSIARAN TANJUNG,
TMN CEMPAKA
KEMPAS
JOHOR",0,1.5142109,103.7030347
"LOT NO W02 @ MART KEMPAS, NO 10, JLN PERSIARAN TANJUNG, 
TMN CEMPAKA,
KEMPAS
JOHOR",0,1.5142109,103.7030347
"W22, W23 @ MART KEMPAS, 10 JLN PERSIARAN TANJUNG, 
TAMAN CEMPAKA
KEMPAS
JOHOR",0,1.5140216,103.7027269
"D22, PASAR PELADANG, KM 144, JLN SKUDAI
TAMAN NESA
SKUDAI
JOHOR",0,1.5309684,103.6670716
"NO 18, PASAR AWAM TMN UNIVERSITI
TAMAN UNIVERSITI
SKUDAI
JOHOR",0,1.5319416,103.618718
"NO 28, JALAN KEBUDAYAAN 1A, 
TAMAN UNIVERSITI
SKUDAI
JOHOR",0,1.5414017,103.6326195
"NO 17, PASAR AWAM TAMAN UNIVERSITI, 
TAMAN UNIVERSITI
SKUDAI
JOHOR",0,1.5377778,103.6291667
"NO 15, PASAR AWAM TAMAN UNIVERSITI, JLN KEBUDAYAAN 19, 
TMN UNIVERSITI
SKUDAI
JOHOR",0,1.5377144,103.628714
"NO 8,  JLN KEMULIAAN 4, 
TAMAN UNIVERSITI
SKUDAI
JOHOR",0,1.529874,103.6194964
"D07, PASAR PELADANG SKUDAI, KM 14.4, JLN SKUDAI
TAMAN NESA
SKUDAI
JOHOR",0,1.530278,103.667275
"13, PASAR KEBUDAYAAN 19, PASAR AWAM TMN UNIVERSITI
TAMAN UNIVERSITI
SKUDAI
JOHOR",0,1.5377778,103.6291667
"22 & 24, JLN PULAI EMAS 1/4
TAMAN PULAI EMAS
SKUDAI
JOHOR",0,1.5691837,103.5975267
"D-10, PASAR PELADANG SKUDAI, KM14.4 JLN SKUDAI
TAMAN NESA
SKUDAI
JOHOR",0,1.5309684,103.6670716
"3, JALAN SEJAHTERA 11, 
TMN DESA SKUDAI
SKUDAI
JOHOR",0,1.5366828,103.6357224
"77, JLN BAKTI 1, 
TMN MUTIARA RINI
SKUDAI
JOHOR",0,1.5284106,103.629858
"15, JLN BAKTI 64, 
TMN MUTIARA RINI
SKUDAI
JOHOR",0,1.5225199,103.628051
"77, 79, 81 & 83,JLN PULAI PERDANA 11,
TMN SRI PULAI PERDANA
PULAI
JOHOR",0,1.5614015,103.6160088
"NO 563, JALAN SERUNAI 10,
TAMAN SALENG
SENAI
JOHOR",0,1.6296656,103.6300753
"NO 241, 243, JLN PADI MAHSURI 5,
TMN SENAI BARU
SENAI
JOHOR",0,1.6109722,103.6601295
"TJ MART: LOT 19, 20, BATU 17 1/2, JLN AIR HITAM, 
SALENG
SENAI
JOHOR",0,1.631378,103.6302744
"TJ MART, LOT 33 & 33A, BATU 17 1/2, JLN AIR HITAM, 
SALENG
SENAI
JOHOR",0,1.666669,103.588208
"81, 83, JLN KENARI UTAMA, 
TMN SCIENTEX
SENAI
JOHOR",0,1.512848,103.914958
"LOT W5 & W8 KIP MART MASAI, JLN PERSIARAN 2, 
TAMAN BUKIT DAHLIA
PASIR GUDANG
JOHOR",0,1.4823419,103.889611
"24, 26 & 28, JALAN SIAKAP 10
TAMAN PASIR PUTIH
PASIR GUDANG
JOHOR",0,1.471624,103.933269
"NO 73, 75, JLN ASLI 7
TAMAN PASIR PUTIH
PASIR GUDANG
JOHOR",0,1.4744205,103.9327748
"NO 9, JALAN SEMERBAK 20, 
TAMAN BUKIT DAHLIA
PASIR GUDANG
JOHOR",0,1.4830439,103.899585
"119, JLN RAMBAI 12, 
TAMAN KOTA MASAI
PASIR GUDANG
JOHOR",0,1.4854991,103.9501455
"NO 42, JALAN TEMBIKAI 10, 
KOTA MASAI
PASIR GUDANG
JOHOR",0,1.5070419,103.9228663
"57, JALAN KENARI UTAMA, 
TAMAN SCIENTEX
PASIR GUDANG
JOHOR",0,1.512697,103.915725
"NO 7 & 9, JALAN BACANG 36, 
TAMAN KOTA MASAI
PASIR GUDANG
JOHOR",0,1.49085,103.928558
"29, JALAN SEMERBAK 20, 
TAMAN BARU DAHLIA
PASIR GUDANG
JOHOR",0,1.4836283,103.9002626
"NO 1, JALAN HELANG 2, 
TAMAN SCIENTEX
PASIR GUDANG
JOHOR",0,1.499962,103.9176789
"W15, JALAN PERSIARAN DAHLIA 2
TAMAN BUKIT DAHLIA
PASIR GUDANG
JOHOR",0,1.4795037,103.8929367
"LOT W16 KIP MART MASAI, JLN PERSIARAN 2, 
TAMAN BUKIT DAHLIA
PASIR GUDANG
JOHOR",0,1.482507,103.88963
"NO 40, JALAN BACANG 38,
TAMAN KOTA MASAI
PASIR GUDANG
JOHOR",0,1.4922115,103.927726
"LOT VF10, KIP MART MASAI, JALAN 
PERSIARAN DAHLIA 2
PASIR GUDANG
JOHOR",0,1.4800377,103.8970061
"LOT W3,KIPMART MASAI, 
PERSIARAN DAHLIA 2
MASAI
JOHOR ",0,1.482124,103.889636
"No.25, Jalan Semerbak 20, 
TAMAN BUKIT DAHLIA
PASIR GUDANG
JOHOR",0,1.483476,103.9000653
"36, 38, 40 & 42, JALAN ROTAN TANAH 
TAMAN RIA
MASAI
JOHOR",0,1.519038,103.825339
"GERAI RUNCIT NO 4,
PASAR AWAM MASAI
MASAI
JOHOR",0,1.4857383,103.8841775
"NO 27, 29 JALAN TASEK 60,
BANDAR SERI ALAM
MASAI
JOHOR",0,1.5027023,103.8858579
"5, JALAN BACANG 36, 
TAMAN KOTA MASAI
MASAI
JOHOR",0,1.4908269,103.9275739
"W11,KIP MART MASAI, 
TAMAN BUKIT DAHLIA
MASAI
JOHOR",0,1.4824849,103.889512
"NO 2, GERAI RUNCIT, PASAR AWAM MASAI
KAMPUNG SEPAKAT
MASAI
JOHOR",0,1.4857383,103.8841775
"JALAN
PERSIARAN DAHLIA 2
MASAI
JOHOR",0,1.4813812,103.8910491
"8, JLN PERMAS 9/15, 
BDR BARU PERMAS JAYA
MASAI
JOHOR",0,1.4992368,103.8177641
"01, JALAN BADIK 23, 
TAMAN PUTRI WANGSA
TIRAM
JOHOR",0,1.5789854,103.8100485
"643-17, JST KEDAI JLN SG TIRAM, 
BT 18, ULU TIRAM
TIRAM
JOHOR",0,1.584088,103.879788
"21, 23, 25, JLN BELADAU 29, 
TMN PUTERI WANGSA, 
ULU TIRAM
JOHOR",0,1.59074,103.8024077
"1, JLN JANDA KAYA, 
FELDA ULU TEBRAU, 
ULU TIRAM
JOHOR",0,1.6311947,103.7555413
"LOT MS 31, SMART BATU 7 1/2, 
JALAN KOTA TINGGI
KOTA TINGGI
JOHOR",0,1.6182081,103.8209203
"PPK KOTA TINGGI, NO 7, JALAN ABDULLAH

KOTA TINGGI
JOHOR",0,1.7319676,103.8986077
"NO 5, JALAN SS 2/6,
TAMAN SRI SAUJAN
KOTA TINGGI
JOHOR",0,1.4854123,103.9464216
"V1, KIP MART KOTA TINGGALAN MAJU
TAMAN MAWAI JAYA
KOTA TINGGI
JOHOR",0,1.732967,103.905992
"NO 27, JLN LANGSAT 1, 
TAMAN KOTA JAYA
KOTA TINGGI
JOHOR",0,1.7360811,103.8891301
"KEDAI NO 12, JALAN BUNGA KENANGA
FELDA PASAK
KOTA TINGGI
JOHOR",0,1.7112594,103.9578788
"31, BAWAH JALAN LANGSAT 1, 
TAMAN KOTA JAYA
KOTA TINGGI
JOHOR",0,1.73651,103.890026
"KIPMART KOTA TINGGI, JALAN MAJU 1
TAMAN MAWAI JAYA
KOTA TINGGI
JOHOR",0,1.733311,103.905531
"NO 1, 2, 3 PASAR AWAM, 
TAMAN KOTA JAYA
KOTA TINGGI
JOHOR",0,1.7377734,103.8893081
"NO 14, JALAN BUNGA RAYA, 
AIR TAWAR 1
KOTA TINGGI
JOHOR",0,1.6219801,104.0475451
"M9A, KIPMART KOTA TINGGI, JALAN MAJU
TAMAN MAWAI JAYA
KOTA TINGGI
JOHOR",0,1.7328002,103.9063612
"NO 47, JALAN FEDADA , 
TAMAN KOTA JAYA,
KOTA TINGGI
JOHOR",0,1.7355322,103.8914856
"M9 KIP MART KOTA TINGGI, LOT PTD 2131, NO 1, JLN MAJU
TAMAN MAWAI JAYA
KOTA TINGGI
JOHOR",0,1.7328535,103.9060666
"LOT 186
KG SUNGAI TELOR 
KOTA TINGGI
JOHOR",0,1.7331873,103.8341964
"KEDAI NO 4, 
FELDA BUKIT APING TIMUR
KOTA TINGGI
JOHOR",0,1.8342334,104.0208077
"KEDAI NO 18, 
FELDA BUKIT APING TIMUR
KOTA TINGGI
JOHOR",0,1.82478,104.008558
"NO A6, JLN DATO ONN, 
BANDAR PENAWAR
KOTA TINGGI
JOHOR",0,1.5535734,104.2298638
"3, GERAI PENEROKA (F) 
AIR TAWAR 1
KOTA TINGGI
JOHOR",0,1.7391798,103.901349
"6, JALAN BUNGA KENANGA, 
FELDA PASAK
KOTA TINGGI
JOHOR",0,1.710072,103.9590636
"1194 
KG SUNGAI TELUR
KOTA TINGGI
JOHOR",0,1.733268,103.8261464
"GERAI NO 4, 
FELDA AIR TAWAR 1
KOTA TINGGI
JOHOR",0,1.630151,104.0475532
"NO.8 , JLN PERMAI
TAMAN SEDILI
KOTA TINGGI
JOHOR",0,1.9248571,104.0948523
"12, JLN PERMAI, 
TMN SEDILI
KOTA TINGGI
JOHOR",0,1.5477734,104.2309198
"B23, KEDAI PUSAT BDR PENAWAR,
BDR PENAWAR
KOTA TINGGI
JOHOR",0,1.5729434,104.207611
"NO.20 , JLN NIAGA
FELDA BUKIT APING TIMUR
KOTA TINGGI
JOHOR",0,1.82478,104.008558
"GERAI BAZAR AWAM PENAWAR
BANDAR PENAWAR
KOTA TINGGI
JOHOR",0,1.5536498,104.2429007
"NO. 31, JALAN KAMPUNG PUNGGAI,
PENGERANG
KOTA TINGGI
JOHOR",0,1.434994,104.2752269
"KPF TRADING SDN BHD
D'MART BUKIT BESAR,
KULAI
JOHOR",0,1.6232577,104.0431547
"1 JLN HARMONI 4/14
TMN DESA HARMONI
JOHOR BAHRU
JOHOR","30,000.00",1.5181805,103.79623
"NO 25,27 JLN NIAGA
PASAR BARU KOTA TINGGI
KOTA TINGGI
JOHOR","30,000.00",1.7270081,103.9020248
"ABD AZIZ BERJAYA SMART & SAVE SDN BHD
BANDAR TENGGARA
KOTA TINGGI
JOHOR","30,000.00",1.8749556,103.6155312
"NO 1B (KEDAI BERKUNCI )
TAMAN SRI PERANI,BANDAR SRI PERANI
KOTA TINGGI
JOHOR DARUL TAKZIM",0,1.7734214,103.9822785
"KPF TRADING SDN BHD
D'MART FELDA SIMPANG WAHA
KOTA TINGGI
JOHOR",0,1.6232577,104.0431547
" D'MART FELDA BUKIT WAHA

KOTA TINGGI
JOHOR",0,1.7516759,104.0775505
"NO 12 JALAN DESARU
TAPAK JKKR FELDA PASAK
KOTA TINGGI
JOHOR","30,000.00",1.716732,103.9645394
"NO 12 JALAN BESAR PASAK
TAMAN SRI LAKSAMAN
KOTA TINGGI
JOHOR","30,000.00",1.716732,103.9640579
"B-1, PASAR AWAM,
BANDAR TENGGARA
KOTA TINGGI
JOHOR",0,1.8627697,103.6216719
"NO 39 JALAN SS 2/6
TAMAN SRI SAUJANA
KOTA TINGGI
JOHOR","30,000.00",1.6727585,103.8516891
"ELEVEN MINI MARKET
KG BUKIT LINTANG
KOTA TINGGI
JOHOR","30,000.00",1.7366975,103.8892123
"NO 119 
KG BUKIT LINTANG 
KOTA TINGGI
JOHOR","30,000.00",1.7939906,103.8869759
"NO 71 JLN LUKUT
KG BATU 4 
KOTA TINGGI
JOHOR","30,000.00",1.7816668,103.8782873
"NO 46 JLN LUKUT
KG BATU 4, 
KOTA TINGGI
JOHOR","30,000.00",1.775819,103.874229
"LOT 407 JALAN LOMBONG 
PEKAN BATU 4
KOTA TINGGI
JOHOR","30,000.00",1.7511441,103.8908353
"19 JALAN BIRU, 
TMN LAKSAMANA
KOTA TINGGI
JOHOR","30,000.00",1.7380504,103.8976934
"NO 37 JALAN DENAI 3
TAMAN BUKIT JAYA, ULU TIRAM
JOHOR BAHRU
JOHOR","30,000.00",1.5980583,103.80695
"W137, TKT PUTERI MART, JLN BELADAU 17 
TMN PUTERI WANGSA, ULU TIRAM
JOHOR BAHRU
JOHOR","30,000.00",1.50841,103.68737
"PUTERI MART
ULU TIRAM
JOHOR BAHRU
JOHOR","30,000.00",1.5887219,103.8035335
"GERAI NO 17 JLN IKHLAS
FELDA AIR TAWAR 3
KOTA TINGGI
JOHOR","30,000.00",1.7039345,103.9884657
"NO 5 JLN KENARI
FELDA AIR TAWAR 5
KOTA TINGGI
JOHOR","30,000.00",1.605304,104.088331
"JAFRI BIN BAHROM

JOHOR BAHRU
JOHOR","30,000.00",1.4975371,103.7434613
"35 JLN INDAH 23/4
TMN BUKIT INDAH 2
JOHOR BAHRU
JOHOR","30,000.00",1.4647059,103.6552339
"M22, M23 LOT PTD
KIPMART TAMPOI
JOHOR BAHRU
JOHOR","30,000.00",1.5087027,103.6871414
"MS 13, PASAR PEMBEKAL SMART

JOHOR BAHRU
JOHOR","30,000.00",1.5350047,103.783626
"55,57 JLN PEDADA, 
TAMAN KOTA JAYA,
KOTA TINGGI
JOHOR","30,000.00",1.7380932,103.8888533
"M, 8 SKS DESARU MALL,
TAMAN DESARU UTAMA, BANDAR PENAWAR,
KOTA TINGGI
JOHOR","30,000.00",1.5619216,104.2509868
"13, JLN PULAI EMAS 1/4,
TAMAN PULAI EMAS, SKUDAI
JOHOR BAHRU
JOHOR","30,000.00",1.5693108,103.5972675
"TWO IDEA RETAIL AND TRADING
GELANG PATAH 
JOHOR BAHRU
JOHOR","30,000.00",1.5255504,103.5829717
"2, TANJUNG ADANG, 
GELANG PATAH,
JOHOR BAHRU
JOHOR","30,000.00",1.3555742,103.5657477
"113, JLN PULAI PERDANA 11,
TAMAN SRI PULAI PERDANA,
JOHOR BAHRU
JOHOR","30,000.00",1.5615441,103.6169077
"K-24, PASAR AWAM LARKIN
JALAN GARUDA
JOHOR BAHRU
JOHOR",0,1.4964099,103.7424457
"NO.28, JALAN LAMPAM 7
TAMAN TANJUNG PUTERI
PASIR GUDANG
JOHOR",0,1.455486,103.9359611
"NO. 5, JALAN SELASIH 13
TAMAN PASIR PUTIH, PASIR GUDANG
JOHOR BAHRU
JOHOR",0,1.4671015,103.9432554
"NO. 93, JALAN RAMBAI 12
TAMAN KOTA MASAI, PASIR GUDANG
JOHOR BAHRU
JOHOR",0,1.4854987,103.9492437
"NO.5, JALAN SEKOLAH KEDAI FELDAH KLEDANG
FELDA KLEDANG, BANDAR PENAWAR
KOTA TINGGI
JOHOR",0,1.4751639,104.1777401
"NO. 14, 16, JALAN PERJIRANAN 2
BANDAR DATO ONN
JOHOR BAHRU
JOHOR",0,1.5568646,103.73747
"NO. 89, JALAN ANGGERIK 3/1
TAMAN ANGGERIK
KULAI
JOHOR",0,1.534792,103.6904132
"NO.81, JALAN UTAMA 34
TAMAN MUTIARA RINI, SKUDAI
JOHOR BAHRU
JOHOR",0,1.5225145,103.6360566
"5, GERAI MDK, 
TAMAN AMAN, SENAI
KULAI
JOHOR","30,000.00",1.5896227,103.6479753
"6063, JALAN NURI 12
BANDAR PUTRA
KULAI
JOHOR","30,000.00",1.6587737,103.6308329
"NO.17 & 18, JALAN SEMBILAN
BUKIT BATU
KULAI
JOHOR","30,000.00",1.6582668,103.6060338
"TJ MART, LOT 35, 36, 43A, 45, 46, 53,53A
BATU 17 1/2 JALAN AIR HITAM, SENAI
KULAI
JOHOR","30,000.00",1.6424298,103.6097514
"302, GROUND FLOOR, JLN PADI MAHSURI
TMN. SENAI BARU, SENAI
KULAI
JOHOR","30,000.00",1.6108261,103.6604975
"NO.63, JLN SOGA 1
TMN BUKIT TIRAM
JOHOR BAHRU
JOHOR","30,000.00",1.5548165,103.7186264
"BZ-8, PASAR TAMAN SETIA INDAH

JOHOR BAHRU
JOHOR","30,000.00",1.572315,103.7561101
"NO.348, 
FELDA SEMENCHU
KOTA TINGGI
JOHOR","30,000.00",1.598768,104.1056888
"NO.9, BLOK C, BANGUNAN GERAI JKR
FELDA KLEBANG
KOTA TINGGI
JOHOR","30,000.00",1.694773,104.1095009
"1120, BLOK 5, 
FELDA TUNGGAL
KOTA TINGGI
JOHOR","30,000.00",1.484592,104.1820672
"NO.22, GERAI JALAN UTAMA 
PUSAT BANDAR SENING
KOTA TINGGI
JOHOR","30,000.00",1.902288,104.0434679
"NO 1, GERAI PUSAT BANDAR SENING 

KOTA TINGGI
JOHOR","30,000.00",1.4785971,104.1804988
"NO.26, JALAN SELASIH 15
TAMAN PASIR PUTIH, PASIR GUDANG
JOHOR BAHRU
JOHOR","30,000.00",1.4670539,103.9433673
"JALAN 9/17, 
TAMAN AIR BIRU,PASIR GUDANG
JOHOR BAHRU
JOHOR","30,000.00",1.458693,103.913415
"JALAN 9/17, 
TAMAN AIR BIRU, PASIR GUDANG
JOHOR BAHRU
JOHOR","30,000.00",1.458693,103.913415
"NO.93, JALAN KENARI UTAMA
TAMAN SCIENTEX
PASIR GUDANG
JOHOR","30,000.00",1.5128949,103.914648
"94, JALAN SURIA 47
BANDAR SERI ALAM
MASAI
JOHOR","30,000.00",1.4961011,103.8802045
"LOT 118, NO.11, 
BT 9,KG WAWAI BARU
KOTA TINGGI
JOHOR","30,000.00",1.729375,103.899227
"GERAI 1, 
KG TERSUSUN, MAWAI BARU
KOTA TINGGI
JOHOR","30,000.00",1.7343047,103.9066744
"LOT 1011, KM 18, 
MAWAI BARU
KOTA TINGGI
JOHOR","30,000.00",1.734288418,103.906667
"LOT 5462 GERAI JLN UTAMA 
KG SEMBAYONG SEDILI BESAR
KOTA TINGGI
JOHOR","30,000.00",1.902288,104.0434679
"NO.1, GERAI PENEROKA 
FELDA AIR TAWAR 5
KOTA TINGGI
JOHOR","30,000.00",1.6057031,104.0894051
"NO.420/1 BLOK 18
FELDA AIR TAWAR 5
KOTA TINGGI
JOHOR","30,000.00",1.6010975,104.0850166
"1M COOP KOPERASI PENEROKA FELDA AIR TAWAR 5
FELDA AIR TAWAR 5
KOTA TINGGI
JOHOR","30,000.00",1.6057031,104.0894051
"144 (B), JALAN MASJID OFF TEBRAU LAMA,
KG MELAYU MAJIDEE,
JOHOR BAHRU,
JOHOR","30,000.00",1.5140178,103.7572143
"NO 3, JLN DATO' JAAFAR 24,
TAMAN MUTIARA DESARU,
BANDAR PENAWAR
JOHOR","30,000.00",1.558241,104.24413
"12, JALAN WARONG
FELDA BUKIT BATU, KULAIJAYA
KULAI
JOHOR","30,000.00",1.7319932,103.4405151
"NO 10, GERAI MPK AYER BEMBAN
KULAIJAYA
KULAI
JOHOR","30,000.00",1.700321,103.4852789
"NO. C-106B,
KG SRI PAYA
KULAI
JOHOR","30,000.00",1.6674946,103.5247486
"NO 155, JALAN KELAPA SAWIT 1,
KG SRI PAYA
KULAI
JOHOR","30,000.00",1.6758301,103.526409
"NO 9, PASAR KULAI,

KULAI
JOHOR","30,000.00",1.662981,103.5999371
"39, JALAN RUMBIA 84,
TAMAN DAYA,
JOHOR BAHRU
JOHOR","30,000.00",1.5601628,103.8050183
"NO 60, JALAN NIBONG 17, 
TAMAN DAYA,
JOHOR BAHRU
JOHOR","30,000.00",1.5587653,103.7574841
"190 JALAN BUNGA TANJUNG,
TAMAN AMAN, SENAI
KULAI
JOHOR","30,000.00",1.5887229,103.6452554
"PTD 47525, JALAN LERAH UTAMA
TAMAN KEMPAS BARU
JOHOR BAHRU
JOHOR","30,000.00",1.535682,103.7179501
"NO 10, 
BANDAR TENGGARA,
KULAI
JOHOR","30,000.00",1.8627697,103.6216719
"8, JLN MUTIARA 5,
TAMAN MUTIARA, ULU TIRAM
JOHOR BAHRU
JOHOR","30,000.00",1.5884599,103.8156089
"S-5, JLN DUKU PASAR AWAM
ULU TIRAM
JOHOR BAHRU
JOHOR","30,000.00",1.5989788,103.8227802
"1197, 
FELDA LOK HENG BARAT, 
KOTA TINGGI
JOHOR","30,000.00",1.7005637,104.1098734
"4, KAWASAN PERNIAGAAN 
LOK HENG
KOTA TINGGI
JOHOR","30,000.00",1.7005852,104.1145798
"2, JLN BESAR
FELDA LOK HANG TIMUR
KOTA TINGGI
JOHOR","30,000.00",1.7274093,103.8989224
"KEDAI NO 2, ALAMAT 2082,
FELDA LOK HENG TIMUR
KOTA TINGGI
JOHOR","30,000.00",1.694773,104.1095009
"-


","30,000.00",,
"NO 3, KEDAI GDW
KG PASIR GOGOK PENGERANG
KOTA TINGGI
JOHOR","30,000.00",1.445712,104.112401
"NO 2, JALAN BAIDURI 
BANDAR MAS
KOTA TINGGI
JOHOR","30,000.00",1.614141,104.14327
"NO 2, JALAN BESAR 
FELDA AIR TAWAR 4
KOTA TINGGI
JOHOR","30,000.00",1.7274093,103.8989224
"NO 1A, FASA 2,
FELDA BUKIT EASTER
KOTA TINGGI
JOHOR","30,000.00",1.751393,104.075933
"LOT 1F, JALAN GEMILANG 2000
LOT HENG BARAT
KOTA TINGGI
JOHOR","30,000.00",1.729375,103.899227
"5, JALAN JAGUNG SATU, 
BANDAR BARU UDA,
JOHOR BAHRU
JOHOR","30,000.00",1.4922587,103.714923
"32-3 JALAN KENANGAN,
KAMPUNG MELAYU MAJIDEE
JOHOR BAHRU
JOHOR","30,000.00",1.51842,103.7570701
"R-10, JLN RAYA 
BUKIT BATU
KULAI 
JOHOR","30,000.00",1.7310381,103.4421452
"NO 41, JALAN BUKIT KEMPAS
TAMAN BUKIT KEMPAS
JOHOR BAHRU
JOHOR","30,000.00",1.527693,103.69559
"JALAN RIANG 1,
GERAI GUGUSAN WAHA
KOTA TINGGI
JOHOR","30,000.00",1.7215613,103.8975385
"4, JLN NIAGA 3,

KOTA TINGGI
JOHOR","30,000.00",1.7309062,103.9036019
"JALAN MASJID
FELDA AIR TAWAR 4
KOTA TINGGI
JOHOR","30,000.00",1.628721,104.0892634
"A-12, 
KAMPUNG RAHMAT BATU 27
KULAI
JOHOR","30,000.00",1.682469,103.5163282
"38, JALAN ADDA 8/1,
TAMAN ADDA,
JOHOR BAHRU
JOHOR","30,000.00",1.5635378,103.7529526
"NO 16, JALAN PERSIARAN BAYU DAMAI,
2/1 TAMAN BAYU DAMAI, PENGERANG,
KOTA TINGGI
JOHOR","30,000.00",1.3875813,104.2721757
"NO.93, JALAN HEE SENG,
SUNGAI RENGIT
PENGGERANG
JOHOR","30,000.00",1.3513798,104.2237299
"JALAN TELUK RAMUNIA
SUNGAI RENGIT, PENGERANG
KOTA TINGGI
JOHOR","30,000.00",1.3719853,104.2492161
"NO 57, JALAN MANGGA
TAMAN TIRAM BARU, ULU TIRAM
JOHOR BAHRU
JOHOR","30,000.00",1.5993541,103.8227287
"NO 38, JALAN TEMBIKAI 8,
JALAN KOTA MASAI PASIR GUDANG
JOHOR BAHRU
JOHOR","30,000.00",1.4810229,103.9538012
"NO 6, JALAN PASAR
SG RENGIT PENGERANG
KOTA TINGGI
JOHOR","30,000.00",1.350168,104.2213509
"NO 1, KAWASAN PERNIAGAAN
FELDA TENGGAROH TIMUR 1,
MERSING
JOHOR","30,000.00",2.1005765,103.98402
"NO 1B, 
FELDA TENGGAROH 02,
MERSING,
JOHOR","30,000.00",2.0791795,103.9440191
"NO 10B, GERAI FELDA TENGGAROH DUA,
JEMALUANG
MERSING
JOHOR","30,000.00",2.083297,103.9330924
"NO 1, 
GERAI FELDA TENGGAROH 3,
MERSING
JOHOR","30,000.00",2.087565,103.9896529
"NO 9, KAWASAN PERNIAGAAN,
FELDA TENGGAROH 3, JEMALUANG, 
MERSING
JOHOR","30,000.00",2.087565,103.9896529
"NO 11, JALAN BESAR,
FELDA TENGGAROH 6,
MERSING
JOHOR","30,000.00",2.0557925,103.9871698
"NO 8A, KAWASAN PERNIAGAAN
FELDA TENGGAROH 2,
MERSING
JOHOR","30,000.00",2.086953,103.94815
"NO 8, FASA 1,
FELDA BUKIT EASTER
KOTA TINGGI
JOHOR","30,000.00",1.751393,104.075933
"NO 8 & 9, GERAI JALAN TERAAI
FELDA BUKIT APING BARAT,
KOTA TINGGI
JOHOR","30,000.00",1.827167,103.9925365
"B4,B3, PASAR AWAM,
BANDAR TENGGARA,
KULAI
JOHOR","30,000.00",1.6514433,103.5777647
"NO 5, JALAN PINANG MERAH 8,
TAMAN SAYONG PINANG, BANDAR TENGGARA,
KULAI, 
JOHOR","30,000.00",1.863867,103.6264839
"102, JALAN PERTANIAN 26,
TAMAN UNIVERSITI, SKUDAI
JOHOR BAHRU
JOHOR","30,000.00",1.535596,103.6136119
"NO 2, JALAN JKKR FELDA 
SUNGAI SAYONG
KULAI
JOHOR","30,000.00",1.782967,103.6821938
"NO 1A, KAWASAN PERNIAGAAN JALAN TUN ABDUL RAZAK
FELDA PASIR RAJA 
KULAI 
JOHOR","30,000.00",1.7590636,103.6747515
"NO 12, JALAN PASAR
FELDA BUKIT BESAR KULAIJAYA
KULAI 
JOHOR","30,000.00",1.7682284,103.7051419
"NO 3, JALAN JAGONG 1,
BANDAR BARU UDA,
JOHOR BAHRU
JOHOR","30,000.00",1.4922727,103.7148368
"NO 34 & 36 JALAN INTAN 12, 
TMN CAHAYA MASAI, PASIR GUDANG
JOHOR BAHRU
JOHOR","30,000.00",1.5072534,103.9228681
"NO 12, JALAN LANJUT 11
TAMAN DESA GEMILANG, ULU TIRAM
JOHOR BAHRU
JOHOR","30,000.00",1.559902,103.816749
"07 JALAN BESAR
FELDA SIMPANG WAHA
KOTA TINGGI
JOHOR","30,000.00",1.726812443,103.8988738
"NO 4, 
FELCRA SG ARA
KOTA TINGGI
JOHOR","30,000.00",1.7982069,103.9515286
"NO 1, JALAN SERAYA
FELDA TENGGAROH 01, JEMALUANG, 
MERSING
JOHOR","30,000.00",2.0873593,103.8925284
"NO 1, JB23, KEDAI RUNCIT, JALAN BESAR, 
FELDA TENGGAROH 5,
MERSING, 
JOHOR","30,000.00",2.088878089,103.9427562
"NO 355, 
FELDA TENGGAROH 05, JEMALUANG,
MERSING,
JOHOR","30,000.00",2.149956043,103.9072521
"NO 3, MEDAN SELERA,
FELDA TENGGAROH 05,
MERSING
JOHOR","30,000.00",2.436038179,103.8312179
"KEDAI NO 1, 
FELDA SEMENCHU
KOTA TINGGI
JOHOR","30,000.00",1.5709265,104.1003088
"NO 2,4,6 JALAN JURUMUDI 2,
DESA JAYA MENGKUANG, GELANG PATAH
JOHOR BAHRU
JOHOR","30,000.00",1.377069,103.5919162
"NO 15, GERAI BARU 
FELDA AIR TAWAR 2,
KOTA TINGGI
JOHOR","30,000.00",1.67614,104.0197259
"NO 7, JALAN PENYIARAN 1
TAMAN UNIVERSITI
JOHOR BAHRU
JOHOR","30,000.00",1.5316282,103.6183879
"92, JALAN PERTANIAN 26,
TAMAN UNIVERSITI SKUDAI
JOHOR BAHRU
JOHOR","30,000.00",1.5358719,103.6138649
"NO 42, JALAN UTAMA 44,
TAMAN MUTIARA RINI SKUDAI
JOHOR BAHRU
JOHOR","30,000.00",1.5188626,103.6374811
"NO.6 GERAI JKKR
JALAN BESAR FELDA INAS
KULAI
JOHOR","30,000.00",1.7917799,103.6032824
"NO.46-1C JALAN SAUJANA UTAMA
PLENTONG MASAI
JOHOR BAHRU
JOHOR","30,000.00",1.5245628,103.7995992
"NO.8,9&10 JALAN DAMAI 2
TAMAN DAMAI SENAI
KULAI
JOHOR","30,000.00",1.5985804,103.6390534
"NO.326 JALAN SCIENTEX KULAI 10
TAMAN SCIENTEX KULAI
KULAI
JOHOR","30,000.00",1.6823607,103.5177993
"KEDAI NO 1, BLOK B
FELDA BUKIT WAHA
KOTA TINGGI
JOHOR","30,000.00",1.754566,104.0690272
"HADAPAN RUMAH 197, JALAN RAMBAI, 
BLK 8 FELDA LINGGIU, 
KOTA TINGGI
JOHOR","30,000.00",1.7376181,103.8879429
"EIZEE TRADING
PASAR PELADANG SKUDAI
SKUDAI
JOHOR","30,000.00",1.5309684,103.6670716
"IM COOP KOTA MASAI
TAMAN KOTA MASAI PASIR GUDANG
JOHOR BAHRU
JOHOR","30,000.00",1.4808704,103.9502603
"3-94, GERAI PERINGKAT 93
FELDA PAPAN TIMUR
KOTA TINGGI
JOHOR","30,000.00",1.612962,104.1495361
"NO.8 JALAN SEJAHTERA 2
TAMAN DESA SEJAHTERA
KOTA TINGGI
JOHOR","30,000.00",1.7459802,103.8951455
"KEDAI NO.3 
FELDA BUKIT RAMUN, BUKIT RAMUN
KULAI
JOHOR","30,000.00",1.662981,103.5999371
"NO.5 KEDAI BUKIT RAMUN
BUKIT RAMUN
KULAI
JOHOR","30,000.00",1.7547024,103.7253651
"19, JALAN MAKMUR 72,
TAMAN DAMAI JAYA, SKUDAI
JOHOR BAHRU
JOHOR","30,000.00",1.5045385,103.6452795
"1708, JALAN SRI PUTRA  4/1
 
KULAI
JOHOR","30,000.00",1.640197,103.6246489
"1, KEDAI FELDA SUNGAI MAS
 
KOTA TINGGI
JOHOR","30,000.00",1.608944,104.1585199
"13007, JALAN RAJAWALI 1,
BANDAR PUTRA,  
KULAI
JOHOR","30,000.00",1.6692631,103.6340783
"505 T/JSU 23 JALAN SAUJANA UTAMA
TAMAN SAUJANA PLENTONG
JOHOR BAHRU
JOHOR","30,000.00",1.5233954,103.8044799
"2, TG 302-1
GERAI FELDA TENGGAROH 2,
 MERSING
JOHOR","30,000.00",2.0900757,103.9458084
"NO 5, 6, DATARAN BANGUNAN KOPERASI,
FELDA SEMENCHU,
KOTA TINGGI,
JOHOR","30,000.00",1.598768,104.1056888
"NO 1, GERAI BELIA FELDA SEMENCHU,

KOTA TINGGI,
JOHOR","30,000.00",1.598768,104.1056888
"PASAR PELADANG SKUDAI
SKUDAI
JOHOR BAHRU
JOHOR","30,000.00",1.5309684,103.6670716
"JALAN SETIA
KG.MELAYU MAJIDEE
JOHOR BAHRU
JOHOR","30,000.00",1.5121404,103.7468921
"NO.10 JALAN STULANG BARU
KAMPUNG STULANG BARU
JOHOR BAHRU
JOHOR","30,000.00",1.5121404,103.7468921
"ML O 1036, 
KAMPUNG MELAYU , BUKIT BATU,
KULAI
JOHOR","30,000.00",1.6565315,103.5827618
"PERSISIRAN PERLING 1
TAMAN PERLING
JOHOR BAHRU
JOHOR","30,000.00",1.4956585,103.6821762
"NO. 5 JALAN EMAS PUTIH 5,
TAMAN SRI SKUDAI
JOHOR BAHRU
JOHOR","30,000.00",1.5465264,103.6543563
"LOT 1455, JALAN HJ KASTAN
BATU 16, KG SUNGAI TIRAM, ULU TIRAM,
JOHOR BHARU
JOHOR","30,000.00",1.584703,103.8831599
"NO 11, GERAI JKKK, SIMPANG MELUR
KG OREN ULU TIRAM
JOHOR BAHRU
JOHOR","30,000.00",1.6069003,103.8031007
"NASI AYAM BANDAR MAS (EN JAAFAR)
BANDAR MAS, 
KOTA TINGGI
JOHOR","30,000.00",1.6144869,104.1410629
"12-14, JALAN MANGGA 1
TAMAN KOTA JAYA
KOTA TINGGI
JOHOR","30,000.00",1.736211,103.891689
"NO 21 & 23, JLN SS 2/6
TMN SRI SAUJANA
KOTA TINGGI
JOHOR","30,000.00",1.6728917,103.8524757
"NO 235 & 236, JALAN PADI MAHSURI 5
TAMAN SENAI BARU SENAI
JOHOR BAHRU
JOHOR","30,000.00",1.6121845,103.6604225
"JLN SEMARAK 20
TAMAN BUKIT DAHLIA PASIR GUDANG
JOHOR BAHRU
JOHOR","30,000.00",1.4834867,103.9000346
"NO 181, JLN RAMBUTAN,
FELDA LINGGIU
KOTA TINGGI
JOHOR","30,000.00",1.8228368,103.7243516
"NO 224 A, JLN NANGKA,
BLOK 9, FELDA LINGGIU
KOTA TINGGI
JOHOR","30,000.00",1.7355621,103.8884825
"NO 5426, JALAN KENARI 18, 

KULAI
JOHOR","30,000.00",1.6578845,103.6302379
"NO.34&35,JALAN SUSUR KELAPA SAWIT

KULAI
JOHOR","30,000.00",1.6759557,103.5293791
"NO 18, 19 JALAN MANIS 2,
TAMAN MANIS
KULAI
JOHOR","30,000.00",1.681712,103.5233912
"10,LOT 2051, JALAN DUKU.
ULU TIRAM
JOHOR BAHRU
JOHOR","30,000.00",1.598077596,103.8221893
"NO 6, JALAN PEJABAT

KULAI
JOHOR","30,000.00",1.7047401,103.4382926
"NO 14,16,18 JALAN PANTI 3
TAMAN BUKIT TIRAM, ULU TIRAM
JOHOR BAHRU
JOHOR","30,000.00",1.6053314,103.8089719
"NO 16 JALAN SELASIH 16,
PASIR GUDANG
JOHOR BAHRU
JOHOR","30,000.00",1.4674932,103.9427327
"NO 14 ,JALAN BAKAWALI 
FELDA ULU TEBRAU,ULU TIRAM, 
JOHOR BAHRU
JOHOR","30,000.00",1.6310368,103.7550971
"NO. 01, BANGUNAN KRAF TANGAN ADELA,
PUSAT BANDAR SENING,
KOTA TINGGI
JOHOR",0,1.4778513,104.1812327
"RASDEE TRADING

JOHOR BAHRU
JOHOR","30,000.00",1.5229826,103.6636132
"NO 46, JALAN LEMBAH 1
TAMAN DESA JAYA
JOHOR BAHRU
JOHOR","30,000.00",1.5545341,103.8045342
"GERAI NO 10 
FELDA SIMPANG WAHA
KOTA TINGGI
JOHOR","30,000.00",1.761646,104.069254
"NO 10715, JALAN DATO JAAFAR 24,
TAMAN MUTIARA DESARU, BANDAR PENAWAR
KOTA TINGGI
JOHOR","30,000.00",1.5569562,104.2421162
"NO 1B, KEDAI KOPERASI
FELDA AIR TAWAR 2
KOTA TINGGI
JOHOR","30,000.00",1.67614,104.0197259
"KAMI IZUDDIN ENT
FELDA AIR TAWAR 4
KOTA TINGGI
JOHOR","30,000.00",1.62782,104.089
"KEDAI HENTIAN
FELDA PAPAN TIMUR
KOTA TINGGI
JOHOR","30,000.00",1.6120559,104.1528819
"NO 1, KAWASAN PERNIAGAAN,
FELDA TENGGAROH SELATAN 1,
KOTA TINGGI
JOHOR","30,000.00",1.9862455,104.0867549
"NO 4, JLN MURNI ENAM
TAMAN SURIA
JOHOR BAHRU
JOHOR","30,000.00",1.5013222,103.75441
"NO2 JLN MURNI 6
TAMAN SURIA
JOHOR BAHRU
JOHOR","30,000.00",1.5013008,103.7546809
"HANA
PULAI INDAH SKUDAI
JOHOR BAHRU
JOHOR","30,000.00",1.5435667,103.5831604
"NO 96A-1, JLN CEMPEDAK
TAMAN TIRAM BARU, ULU TIRAM
JOHOR BAHRU
JOHOR","30,000.00",1.5977845,103.8230986
"B11 PASAR PELADANG
SKUDAI
JOHOR BAHRU
JOHOR","30,000.00",1.5309684,103.6670716
"GERAI WAWASAN 1,
FELDA SEMENCHU
KOTA TINGGI
JOHOR","30,000.00",1.598768,104.1056888
"NO KEDAI 10,JALAN DURIAN
FELDA LINGGIU
KOTA TINGGI
JOHOR BAHRU",0,1.8247079,103.7221221
"NO. 47, JALAN KIJANG
TAMAN SCIENTEX
PASIR GUDANG
JOHOR",0,1.4955808,103.9134783
"NO. 53, JALAN KIJANG
TAMAN SCIRNTEX
PASIR GUDANG
JOHOR",0,1.4956714,103.9131069
"D'MART FELDA AIR TAWAR 4,

KOTA TINGGI
JOHOR BAHRU",0,1.6292057,104.0903752
"348, JALAN MANIS 15,
TAMAN MANIS 
KULAI
JOHOR",0,1.6823264,103.5238804
"NO 314,JALAN SCIENTEX 9,
TAMAN SCIENTEX, KULAIJAYA
KULAI
JOHOR",0,1.6822773,103.5185868
"D'MART FELDA AIR TAWAR 3,

KOTA TINGGI
JOHOR",0,1.6232577,104.0431547
"D'MART FELDA AIR TAWAR 5

KOTA TINGGI
JOHOR",0,1.6038429,104.0907944
"29&31,JALAN BELATUK 2,
TAMAN SCIENTEX, PASIR GUDANG
JOHOR BAHRU
JOHOR",0,1.512697,103.915725
"NO 2, 4, 6 JALAN SELUANG 35
TAMAN TANJUNG PUTERI RESORT, PASIR GUDANG
JOHOR BAHRU
JOHOR",0,1.513441,103.818557
"D'MART TENGGAROH 02, 
W/P JAMALUANG
MERSING
JOHOR",0,2.0832672,103.9462614
"D'MART TENGGAROH 03
W/P JAMALUANG
MERSING
JOHOR",0,2.0832672,103.9462614
"BERKAT SEGAR
TAMAN NUSANTARA GELANG PATAH
JOHOR BAHRU
JOHOR",0,1.5126387,103.7034976
"23 & 25 JALAN NUSANTARA 4/6
TAMAN NUSANTARA
JOHOR BAHRU
JOHOR",0,1.436825,103.6020571
"NO. 1, JALAN CENGKERIK 5
PUSAT PERDAGANGAN KEMPAS
JOHOR BAHRU 
JOHOR",0,1.513202,103.7007768
"NO 21,JALAN BACANG 36,
TAMAN KOTA MASAI MASAI
JOHOR BAHRU
JOHOR",0,1.490936625,103.9285391
"NO 2,JALAN NUSA PERINTIS 12,
TAMAN NUSA PERINTIS 3, BANDAR NUSAJAYA, GELANG PATAH
JOHOR BAHRU
JOHOR",0,1.4563788,103.5949557
"D,MART BUKIT RANUM,

KULAI
JOHOR",0,1.7543304,103.7249554
"DMART FELDA LOK HENG SELATAN

KOTA TINGGI
JOHOR",0,1.6938982,104.1094744
"NO.1,
FELDA SIMPANG WAHA,
KOTA TINGGI
JOHOR",0,1.761646,104.069254
"D'MART FELDA SEMENCHU

KOTA TINGGI
JOHOR",0,1.6232577,104.0431547
"NO. 766, JALAN SRI PUTRI 2,
TAMAN SRI PUTRI KULAI,
KULAI
JOHOR",0,1.6580347,103.5721714
"NO.2 JALAN NUSA PERINTIS 12
TAMAN NUSA PERINTIS 3, BANDAR NUSA JAYA
J0HOR BAHRU
JOHOR",0,1.4563788,103.5949557
"KPF TRADING SDN BHD,
FELDA APING TIMUR
KOTA TINGGI
JOHOR ",0,1.6232577,104.0431547
"KPF TRADING SDN BHD,
JALAN RAJAWALI,
KOTA TINGGI
JOHOR",0,1.6232577,104.0431547
"PETI SURAT 75
FELDA LINGGIU 
KOTA TINGGI
JOHOR",0,1.821001,103.7252502
"NO 284,JASLAN SERAYA 2
FELDA TENGGAROH 01
MERSING
JOHOR",0,2.1005765,103.98402
"KPF TRADING SDN BHD
W/P JAMALUANG
MERSING
JOHOR",0,2.0804018,103.8896026
"DMART TENGGAROH 05
W/P JAMALUANG
MERSING
JOHOR ",0,2.1005765,103.98402
"10,117 
FELDA TENGGAROH 5,JEMALUANG
MERSING
JOHOR",0,2.117191055,103.8982879
"KEDAI 7,JALAN UTAMAN
FELDA TENGGAROH 02
MERSING
JOHOR",0,2.084686,103.9468085
"NO 174, BLOK 03,
FELDA TENGGAROH 06
MERSING
JOHOR",0,2.1005765,103.98402
"D'MART FELDA ADELA,
JALAN SAGA.
KOTA TINGGI
JOHOR",0,1.4787757,104.1876045
"D'MART FELDA LOK HENG BARAT,

KOTA TINGGI
JOHOR",0,1.6938982,104.1094744
"D'MART FELDA APING BARAT,

KOTA TINGGI
JOHOR",0,1.7166258,103.9616748
"D'MART FELDA SG MAS

KOTA TINGGI
JOHOR",0,1.6091524,104.1576024
"D'MART FELDA AIR TAWAR 1

KOTA TINGGI
JOHOR",0,1.6232577,104.0431547
"D'MART FELDA AIR TAWAR 2

KOTA TINGGI
JOHOR",0,1.6748517,104.0191967
"GERAI NO 10
FELDA AIR TAWAR 1
KOTA TINGGI
JOHOR",0,1.630151,104.0475532
"NO. 13 & 13A, KAWASAN PERNIAGAAN
FELDA AIR TAWAR 3
KOTA TINGGI
JOHOR",0,1.702453,103.9883335
"NO. 18, JALAN CENGAL 1,
TAMAN DESARU UTAMA, PENAWAR
KOTA TINGGI
JOHOR",0,1.5727983,104.2184004
"25, JALAN SETIA 4/12
TAMAN SETIA INDAH
JOHOR BAHRU
JOHOR",0,1.5740617,103.7491839
"32-A, LOT 5022 JALAN KENANGAN, 
KAMPUNG MELAYU MAJIDI, 
JOHOR BAHRU
JOHOR",0,1.507089,103.7495186
"NO. 10, JALAN LURAH UTAMA,
KEMPAS BARU, TAMPOI, 
JOHOR BAHRU
JOHOR.",0,1.5320304,103.7160199
"74, JALAN KELISA 1,
TAMAN SCIENTEX, PASIR GUDANG
JOHOR BAHRU
JOHOR",0,1.5115125,103.9189416
"NO 13A, JALAN KELISA 1,
TAMAN SCIENTEX, PASIR GUDANG
JOHOR BAHRU
JOHOR",0,1.4608715,103.909964
"NO.23, JALAN SEJAHTERA 1,
TAMAN NUSA DAMAI, PASIR GUDANG
JOHOR BAHRU
JOHOR.",0,1.5103947,103.9155466
"NO. 75, JALAN SIERRA PERDANA 2/1,
TAMAN SIERRA PERDANA, MASAI
JOHOR BAHRU
JOHOR",0,1.4798734,103.8697277
"KPF TRADING SDN BHD
JALAN ORKID,
KOTA TINGGI
JOHOR",0,1.6232577,104.0431547
"JALAN RUSA
TAMAN SCIENTEX PASIR GUDANG 
JOHOR BAHRU
JOHOR",0,1.4914603,103.9110732
"LOT M 07, PASARAYA SKS, JALAN HANG LEKIR,
 TAMAN INDUSTRI JAYA, SKUDAI 
JOHOR BAHRU
JOHOR",0,1.4967102,103.6410873
"PASAR AWAM KULAI,

KULAI
JOHOR",0,1.6616228,103.598381
"80,82, & 84 JALAN SUSR IDAMAN,
TAMAN NUSA IDAMAN, ISKANDAR PUTERI
JOHOR BAHRU
JOHOR",0,1.4730841,103.6384662
"NO. 23 & 23A, JALAN TEMBIKAI 2,
KOTA MASAI, PASIR GUDANG
JOHOR BAHRU
JOHOR",0,1.4842205,103.9537076
"D'MART FELDA PAPAN TIMUR

KOTA TINGGI
JOHOR",0,1.6136276,104.1497422
"NURUL HD ENTERPRISE
BANDAR PENAWAR
KOTA TINGGI
JOHOR",0,1.5564633,104.2250605
"A 1 KEDAI PUSAT BANDAR
SENING KOTA TINGGI BANDAR PENAWAR
KOTA TINGGI
JOHOR",0,1.573351,104.214654
"MO. 54, JALAN GANGSA 1
TAMAN GEMILANG
KULAI
JOHOR",0,1.6517377,103.5908974
"No G. 03 & 1-03, Jalan anggerik 2
Taman anggerik
Johor Bahru
JOHOR",0,1.5345865,103.6899638
"99-18, JALAN 4/1, 
TAMAN ANGGERIK,  BANDAR TENGGARA 
KOTA TINGGI
JOHOR",0,1.8408584,103.6238301
"NO 32 & 34 ,JALAN PULAI MUTIARA 4/7
TAMAN PULAI MUTIARA
SKUDAI JOHOR
JOHOR DARUL AL TAKZIM",0,1.5258153,103.5834011
"NO 5, JALAN BAKTI 64,
TAMAN MUTIARA RINI,
SKUDAI
JOHOR",0,1.5305094,103.6690106
"LOT 3635-B JALAN KAMPUNG MAJU JAYA
KG SINARAN BARU,KEMPAS LAMA
SKUDAI
JOHOR",0,1.5779136,103.7198458
"188 JALAN NURI FELDA PENGGALI TIMUR
BANDAR TENGGARA
KULAI
JOHOR",0,1.8451906,103.6435158
"NO 8, GERAI JKKR
JALAN BYAN FELDA PENGGELI TIMUR 
BANDAR TENGGARA
JOHOR",0,1.84563,103.64682
"C-16,KEDAI JKKR
DATARAN NIAGA
FELDA SUNGAI SIBOL
KULAI ",0,1.849185,103.6360699
"NO 4. KEDAI MPKK 4 PINTU
JALAN MELATI, FELDA SUNGAI SIBOL
BANDAR TENGGARA
JOHOR ",0,1.8463152,103.6366797
"KOP.PEN F
FELDA LOK HENG TIMUR BHD
KOTA TINGGI
JOHOR",0,1.7005852,104.1145798
"GERAI FELDA TUNGGAL

KOTA TINGGI
JOHOR",0,1.4959447,104.1864181
"20, Jalan Tembikai 6
 Taman Kota Masai
Pasir Gudang
JOHOR",0,1.4817865,103.9535107
"NO 1,3 &5,JALAN KEDIDI 21
TAMAN SCIENTEX
PASIR GUDANG
JOHOR",0,1.5245654,103.9073821
"No 8 jalan mutiara emas
Taman mount austin
Johor bahru
Johor",0,1.5594409,103.7825923
"NO 1A, JALAN MANGGA 
TAMAN KOTA JAYA
KOTA TINGGI
JOHOR",0,1.734778,103.891502
"NO 6 JALAN BUNGA RAYA,
FELDA AIR TAWAR 1,
KOTA TINGGI
JOHOR",0,1.6219801,104.0475451
"NO 1A, JALAN BELATUK 4,
TAMAN SCIENTEX
PASIR GUDANG
JOHOR",0,1.502151544,103.9149807
"NO 5, KEDAI, JALAN RIANG 2
FELDA BUKIT WAHA
KOTA TINGGI
JOHOR",0,1.5226496,103.7475546
"NO. 5448 & 5449, JALAN JENAGA 20
BANDAR PUTRA
KULAI 
JOHOR",0,1.650487,103.627669
"NO 38, JALAN MANGGA 7,
TAMAN KOTA MASAI
PASIR GUDANG
JOHOR",0,1.4836915,103.9438931
"NO 42, JALAN SEJAMBAK 14
TAMAN BUKIT DAHLIA
PASIR GUDANG 
JOHOR",0,1.4790274,103.8939222
"NO 3 JALAN SS2/6G
TAMAN SRI SAUJANA
KOTA TINGGI
JOHOR",0,1.6723797,103.8552469
"BUKIT EASTER
KOTA TINGGI

JOHOR",0,1.7516759,104.0775505
"SUNGAI SAYONG

KULAI
JOHOR ",0,1.7839687,103.6825277
"26, Jalan Jaya,
Taman Maju Jaya, 
Johor Bahru,
Johor",0,1.4812302,103.7648649
"LOT NO . W05,W06@ MART KEMPAS
NO 10, JALAN PERSIARAN TANJUNG
TAMAN CEMPAKA
JOHOR DARUL AL TAKZIM",0,1.5142109,103.7030347
"G06-07 PAHLAWAN A,
BUKIT SAUJANA
JALAN BENDAHARA
JOHOR DARUL AL TAKZIM",0,1.492659,103.7413591
"NO 35-37,JALAN KOLAM AIR
TAMAN MEDAN INDAH 
BANDAR KOTA TINGGI
JOHOR",0,1.7323776,103.9013524
"NO. 20, JALAN GEHARU
FELDA SUNGAI MAS
KOTA TINGGI
JOHOR",0,1.4836977,103.87995
"NO. 37, JALAN PADI EMAS 3/1
BANDAR BARU UDA
JOHOR BAHRU
JOHOR",0,1.4932871,103.7078587
"LOT W10, PASARAYA QMART KEMPAS

JOHOR BAHRU
JOHOR",0,1.544818,103.6949999
"NO. R-3, PASAR AWAM MASAI
JALAN MASAI LAMA
MASAI
JOHOR",0,1.4857383,103.8841775
"NO. 4, JALAN PENGKALAN 5
TAMAN PASIR MAS, KAMPUNG PASIR PUTIH
PASIR GUDANG
JOHOR",0,1.442077,103.9322141
"NO. 314, JALAN MELOR
FELDA TENGGAROH 5
MERSING
JOHOR",0,2.154156632,103.9089087
"NO. 2 & 3, JALAN MAJU
BANDAR KOTA TINGGI
KOTA TINGGI
JOHOR",0,1.7340884,103.9063235
"K11, KEDAI JKKR JALAN INAS-KULAI
FELDA INAS, UTARA KOTA TINGGI
KULAI
JOHOR",0,1.770711,103.6032185
"LOT 26, BATU 17 1/2
TJ MART SALENG
KULAIJAYA
JOHOR",0,1.631588631,103.6310038
"NO. 25-37, JALAN TEMBIKAI 2
TAMAN KOTA MASAI
PASIR GUDANG
JOHOR",0,1.484234,103.953292
"17, JALAN KEDIDI 21
TAMAN SCIENTEX
PASIR GUDANG
JOHOR",0,1.5253983,103.9078966
"NO 22 JALAN GANGSA 1
TAMAN GUNUNG PULAI
KULAI
JOHOR",0,1.654273,103.5886679
"7(TL JTL 12)
JALAN BESAR FELDA TENGGAROH 2
MERSING 
JOHOR",0,2.088227617,103.9424863
"NO 63 JALAN KEDIDI 21
TAMAN SCIENTEX
PASIR GUDANG
JOHOR DARUL AL TAKZIM",0,1.5237836,103.9088363
"PTD 2897, 
KG JAWA LUAR
KOTA TINGGI
JOHOR",0,1.7287955,103.8949911
"NO 7,JALAN LAMPAM 41,
TAMAN TANJUNG PUTERI RESORT
PASIR GUDANG
JOHOR",0,1.4494149,103.931682
"NO 44 JALAN PADI RIA 13
BANDAR BARU UDA
JOHOR BAHRU
JOHOR",0,1.4991419,103.7178973
"27 & 29 JALAN JURUMUDI 1
DESA PAYA MENGKUANG
GELANG PATAH
JOHOR",0,1.3574949,103.5936532
"NO 11 DATARAN NIAGA
FELDA SUNGAI SIBOL
BANDAR TENGGARA
JOHOR DARUL TAKZIM",0,1.8479477,103.6383324
"TAMAN SCIENTEX

MASAI
JOHOR",0,1.4958981,103.9136098
"NO 2, JALAN ANGGERIK
KG CAHAYA BARU MASAI
MASAI
JOHOR DARUL AL TAKZIM",0,1.522883,103.930864
"E54 & E55, BLOK E
PASAR TAMAN DAHLIA
TAMPOI
JOHOR",0,1.5085141,103.6967007
"PASAR DAHLIA


",0,1.5091162,103.6970311
"NO. 83 & 77, BLOK E, PUSAT PERNIAGAAN BARU
PASAR TAMAN DAHLIA
JOHOR BAHRU
JOHOR",0,1.508654,103.6965938
"851, 
FELDA BUKIT APING BARAT
KOTA TINGGI
JOHOR DARUL TAKZIM",0,1.829178,103.9975859
"NO. 21, JALAN KEMBONG 49
JOHOR JAYA
KOTA TINGGI
JOHOR",0,1.535573,103.7978201
"NO 47 JALAN SETIA 10/10
TAMAN SETIA INDAH
JOHOR
",0,1.5708937,103.7667677
"NO 13 JALAN HELANG 2
TAMAN SCEINTEX
PASIR GUDANG
SELANGOR",0,1.50002,103.91695
"GERAI NO 3 
FELDA PAPAN TIMUR
KOTA TINGGI
JOHOR",0,1.612962,104.1495361
"NO 1,2 ,3&4 BANGUNAN KOPERASI
FELDA TUNGGAL
KOTA TINGGI
JOHOR DARUL AL TAKZIM",0,1.4959447,104.1864181
"NO. 33, JALAN PERSISIRAN PERLING 1
TAMAN PERLING 1
JOHOR BAHRU
JOHOR",0,1.4968727,103.6825828
"LOT 2030, KG PADANG, 

KOTA TINGGI
JOHOR",0,1.8508319,103.9738311
"NO. 10, JALAN PALAS 5
TAMAN TERATAI, KANGKAR PULAI
SKUDAI
JOHOR",0,1.571056,103.6120239
"NO 4
PEKAN FELDA TAIB ANDAK
KULAI
JOHOR",0,1.734829,103.645323
"NO 77, JALAN PULAI 44,
TAMAN PULAI UTAMA,
JOHOR BAHRU
JOHOR DARUL AL TAKZIM",0,1.5452043,103.6180801
"NO 4231, (RUMAH KEDAI)
LORONG PULASAN, KG SINARAN BARU
SKUDAI
JOHOR",0,1.5959573,103.7130257
"8 TKT, BAWAH BLOK 4,
RUMAH PANGSA LARKIN, JALAN GERODA
JOHOR BAHRU
JOHOR",0,1.5674948,103.7540343
"22 & 22-01, 24 & 24-01, JALAN PULAI MAKMUR 5/1
BANDAR BARU KANGKAR PULAI
JOHOR BAHRU
JOHOR",0,1.4730841,103.6384662
"NO. 23, JALAN PERLALUAN MAKMUR 
72, TAMAN DAMAI JAYA
SKUDAI, JOHOR BAHRU
JOHOR",0,1.5046653,103.6453858
"NO 16, U SENTRAL
TAMAN BUKIT DAHLIA
PASIR GUDANG
JOHOR",0,1.478517,103.8955298
"NO 8, JALAN MEWAH RIA 1/2
TAMAN BUKIT MEWAH
JOHOR BAHRU
JOHOR",0,1.5118291,103.6854253
"NO 16 & 18, JLAN SENA 9
TAMAN RINTING
MASAI
JOHOR",0,1.4891622,103.8701616
"NO 71, BLOK 4
FELDA TENGGROH SELATAN 1,
KOTA TINGGI
JOHOR DARUL AL TAKZIM",0,2.031047788,104.0497805
"NO 38, JALAN HIJAUAN 4
HORIZON HILL ISKANDAR PUTERI
-
JOHOR",0,1.4584306,103.6451531
"NO. 341, JALAN LAGENDA 21
TAMAN LAGENDA PUTRA
KULAI
JOHOR",0,1.6596703,103.5694548
"GERAI NO 8, MEDAN SELERA
JLN DATO ONN 3, BANDAR DATO ONN
JOHOR BAHRU
JOHOR",0,1.5601628,103.8050183
"KIPMART TAMPOI
TAMAN TAMPOI INDAH
JOHOR BAHRU 
MALAYSIA","30,000.00",1.5087027,103.6871414
"-


","30,000.00",1.530803024,103.6673292
"BANGUNAN PASAR BESAR
JALAN TUNKU ABDUL RAHMAN
ALOR SETAR
KEDAH",0,6.103720439,100.3504516
"KEDAI SANTAN
PASAR GUAR CHEMPEDAK

KEDAH",0,5.869242308,100.4970874
"NO 5 TINGKAT BAWAH
JLN PALMA AMAN 1, TMN PALMA AMAN SG LALA
BEDONG
KEDAH",0,5.702543451,100.5197984
"LOT P3, KOMPLEKS PASAR TANI
KEKAL GUAR CHEMPEDAK
GURUN
KEDAH",0,6.263486625,100.4221592
"NO 197 JLN YAN GUAR CHEMPEDAK
GURUN
KEDAH
",0,5.795908577,100.3724604
"14A, BULATAN PART PANJANG
KUPANG
KEDAH
",0,5.703942444,100.7463626
"MADRASAH NURUL IMAN
PONDOK BATU LIMA
SIK
KEDAH",0,5.793652705,100.687593
"NO 2, PERUMAHAN KEDAI
PEKAN BARU
SIK
KEDAH",0,5.818138714,100.7447711
"278, PERSIARAN BIDARA 1
TAMAN DESA BIDARA
KUALA KATIL
KEDAH",0,5.601181318,100.6545759
"NO 277 PERSIARAN BIDARA 1
DESA BIDARA
KUALA KETIL
KEDAH",0,5.601282896,100.6545996
"A-146 JALAN YAN
KG SUNGAI DEDAP
KOTA SARANG SEMUT
KEDAH",0,5.935366424,100.3651407
"NO 193, 194 & 195 JLN MUTIARA 3
TAMAN MUTIARA
KARANGAN
KEDAH",0,5.431329051,100.6403802
"KG TEMBAK 8
KUALA KETIL
KEDAH
",0,5.667690801,100.702253
"NO 36 PEKAN MERBAU PULAS
KUALA KETIL
KEDAH
",0,5.562462607,100.6368193
"NO 24, JALAN BELIBIS
TAMAN TUNKU PUTRA
KULIM
KEDAH",0,5.376721531,100.5559711
"97, 98,99 LORONG SEMARAK 4
TAMAN SEMARAK
KULIM
KEDAH",0,5.37824521,100.540125
"NO 2570 JALAN SELASIH D/1
TAMAN SELASIH
KULIM
KEDAH",0,5.377764143,100.5375898
"3634 & 3635, JLN SELASIH 2
TAMAN SELASIH
KULIM
KEDAH",0,5.376530267,100.5364277
"TAMAN KEMPAS
SUNGAI PETANI
KUALA MUDA
KEDAH",0,5.599127703,100.4853455
"NO 21, KAMPUNG MERBOK
MERBOK
KEDAH
",0,5.721913704,100.4146805
"2A KOMPLEKS PERNIAGAAN SERAYA
JALAN PENDANG
PENDANG
KEDAH",0,5.977582156,100.4496298
"NO 977, KEDAI SETINGKAT
JALAN PERUDA SATU, JALAN PERUDA
SUNGAI PETANI
KUALA MUDA",0,5.649563071,100.5028394
"KG TELUK WANG BESAR
BATU LINTANG
SUNGAI PETANI
KEDAH",0,5.617084593,100.4356224
"NO 5, JALAN ANGGERIK 2
BANDAR AMANAJAYA
SUNGAI PETANI
KEDAH",0,5.638748893,100.5466379
"MASJID STALL NO 4
JALAN MERBOK
SUNGAI PETANI
KEDAH",0,5.640628386,100.4854609
"NO 18, JALAN PKS (A)
PUSAT KOMERSIAL SAUJANA
SUNGAI PETANI
KEDAH",0,5.640479234,100.4777398
"870, JALAN DELIMA 5
TAMAN DELIMA
SUNGAI PETANI
KEDAH",0,5.631123353,100.4642085
"NO 18, JALAN RUAT
PEKAN YAN BESAR
YAN
KEDAH",0,5.795928499,100.3724738
"NO 41, BATU 22, DULANG BESAR
YAN
KEDAH
",0,5.8347571,100.3860405
"PUAN MURNI  TAMAN YAN 


KEDAH",0,5.858716383,100.452563
"NO 37 LORONG BLM 1/1 
BANDAR LAGUNA MERBOK
SUNGAI PETANI
KEDAH",0,5.683400806,100.4933665
"NO 165 JLN KILANG 
FELDA TELOI TIMUR
KUALA KETIL
KEDAH",0,5.604311379,100.662003
"NO. 60, 1, SUSUR ORKID
KUALA KETIL
BALING
KEDAH",0,5.603620766,100.6445554
"NO 4&4A LORONG BLM 
BANDAR LAGUNA MERBOK
SUNGAI PETANI
KEDAH",0,5.682953656,100.4936509
"313, K146, KG GUAR CHEMPEDAK
YAN
KEDAH
",0,5.85719288,100.4543496
"NO 93 TAMAN SAGA
JALAN ALOR MENGKUDU
ALOR SETAR
KEDAH",0,6.093209805,100.3829571
"NO109 PERSIARAN MAHSURI 
PUSAT BANDAR JITRA KEDAH
JITRA
KEDAH",0,6.242177473,100.4205399
"KOPERASI KARIAH MASJID AL HUDA
KILANG LAMA
KULIM
KEDAH",0,5.385227925,100.5464987
"JLN DESA AMAN S 2/2 
PADANG SERAI
KEDAH
",0,5.505979429,100.6223429
"TAMAN TUNKU PUTRA
KULIM
KEDAH
",0,5.372133971,100.5573434
"TAMAN TUNKU PUTRA
KULIM
KEDAH
",0,5.372133971,100.5573434
"TAMAN TUNKU PUTRA
KULIM
KEDAH
",0,5.372192472,100.557606
"NO. 85, JALAN 9C
TAMAN MAHSURI BANDAR DARULAMAN
JITRA
KEDAH",0,6.235476786,100.4211555
"313, K146, KG GUAR CHEMPEDAK
YAN
KEDAH
",0,5.857094698,100.4541828
"PASAR AWAM KUALA KEDAH
KUALA KEDAH
KEDAH
",0,5.603639211,100.6445425
"ALOR SETAR
KEDAH

",0,6.09797299,100.3662794
"PASAR AWAM KUALA KEDAH
KUALA KEDAH
KEDAH
",0,5.603726976,100.6444816
"KG ALOR BATU, MAKIM GELONG JITRA
JITRA
KEDAH
",0,6.258916156,100.4195885
"2A KOMPLEKS PERNIAGAAN SELAYA
BATU MENUGGOH PENDANG

KEDAH",0,5.978013555,100.4498699
"SUNGAI PETANI
KEDAH

",0,5.640495566,100.4777268
"LOT 1 NO 34 TAMAN DESA
KUALA MUDA
13110 PENAGA
","30,000.00",5.649645353,100.5026851
"NO. 32, TAMAN KUBUR PANJANG
PENDANG

KEDAH",0,6.153953378,100.5342749
"NO. 1 KOMPLEKS NIAGA 2
YAN KECHIL
06000 YAN
KEDAH","30,000.00",5.707642859,100.4361112
"LOT. P3, KOMPLEKS PASAR TANI
KEKAL GUAR CHEMPEDAK
GURUN
KEDAH",0,6.263486625,100.4221592
"NO. 9,10 & 11, TMN SRI ASTANA
FASA 1, JLN LANGGAR
ALOR SETAR
KEDAH",0,6.151207011,100.4045946
"NO. 24, JLN WISMA PAHLAWAN
KOPERASI ALOR STAR
ALOR STAR
KEDAH",0,6.074690241,100.3631099
"NO. 3 
PASAR SERDANG

KEDAH",0,5.215547684,100.6118441
"NO.4
PASAR AWAM SERDANG

KEDAH",0,5.215547684,100.6118441
"DEPAN SEKOLAH KEBANGSAAN
DURIAN TUNGGAL
KEPALA BATAS
KEDAH",0,6.20403168,100.4151047
"LOT 669, PETRONAS PENDANG
06700 PENDANG
KEDAH
","30,000.00",5.992783784,100.4767289
#NAME?,"30,000.00",5.505825039,100.6236277
#NAME?,"30,000.00",5.871096676,100.452476
"TAMAN RIA
SUNGAI PETANI
KEDAH
","30,000.00",5.661521368,100.50479
"TAMAN RIA
SUNGAI PETANI
KEDAH
","30,000.00",5.661521368,100.50479
"JALAN PASAR BESAR
JALAN TUNKU ABDUL RAHMAN
ALOR SETAR
KEDAH","30,000.00",6.103822356,100.3505232
"NO 32 PASAR TAMAN RIA
SUNGAI PETANI
KEDAH
","30,000.00",5.661397905,100.5052142
"LOT 2310, KG HUTAN PALAS
JLN KODIANG CHANGLUN
JITRA
KEDAH","30,000.00",6.40124097,100.3269242
"NO 9 JALAN SERAYA EMAS
TAMAN SERAYA EMAS
SUNGAI PETANI
KEDAH","30,000.00",5.583306041,100.4875212
#NAME?,"30,000.00",5.603638884,100.6445662
"NO 68, KEDAI KELAPA & SAYURAN
PASAR SIMPANG KUALA
ALOR SETAR
KEDAH","30,000.00",6.092467358,100.3443888
"NO.72 JALAN FAIRUS 4
KAWASAN PERINDUSTRIAN BAKAR ARANG
SUNGAI PETANI
KEDAH","30,000.00",5.622121784,100.4737965
"NO 26,
PERUMAHAN KEDAI PEKAN BARU
SIK
KEDAH","30,000.00",5.818337299,100.7430431
"F716, KAMPUNG BATU 3
JALAN JENIANG
GURUN
KEDAH","30,000.00",5.819183342,100.5164694
#NAME?,"30,000.00",6.391586856,100.4452646
"NO 31,
TAMAN LEMBAH BUJANG
BENDONG
KEDAH","30,000.00",5.708582873,100.4337255
"NO 1 LOT 2207,
KG BUKIT KECHIL
SIMPOR, SUNGAI PETANI
KEDAH","30,000.00",5.624060391,100.4203233
"KOMPLEKS PAS KAWASAN POKOK SENA
KM 8.5 JALAN LANGGAR
LANGGAR
KEDAH","30,000.00",6.146889916,100.420858
"NO 45, LORONG 4
TAMAN RIA MESRA 2,
SIK
KEDAH","30,000.00",5.813167024,100.5425866
"TIKAM BATU
SUNGAI PETANI
KEDAH
","30,000.00",5.587999162,100.4393848
"NO.6 KEDAI KEDA, PEKAN LUBOK BUNTAR
SERDANG
KEDAH
","30,000.00",5.13791129,100.5854274
"-


","30,000.00",5.629165627,100.4635916
"-


","30,000.00",5.66150204,100.5050077
"GUAR CHEMPEDAK

GURUN
KEDAH","30,000.00",5.856250698,100.4513714
"101 A - LORONG 5
TAMAN LEMBAH BUJANG
BEDONG 
KEDAH",0,5.708586626,100.433711
"NO 6,PASAR MERBOK (IKAN/SAYUR)
MERBOK
KEDAH
",0,5.717913151,100.4122604
"26A, JALAN BUJAANG UTAMA
TAMAN SAUJANA
BEDONG
KEDAH",0,5.699232354,100.4738326
"Gaur Chempedak


",0,5.853105285,100.4601981
"GUAR CHEMPEDAK


KEDAH",0,5.871436378,100.4522833
"F10274, JALAN BATU HAMPAR

MERBOK
KEDAH",0,5.712085712,100.4260585
"NO. 39, JALAN PEKAN MERBOK

MERBOK
KEDAH",0,5.722212759,100.4135732
"PASAR BEDONG


KEDAH",0,5.728791956,100.5070751
"NO 2 PASAR AWAM
Guar Chempedak
KEDAH
",0,5.857172092,100.454313
"LOT 127/-B TAMAN DESA AMAN
JLN GUA CHEMPEDAK

KEDAH",0,5.855385897,100.4701088
"KAMPUNG SUNGAI SIPUT DALAM
LUBUK MERBAU
KUALA NERANG
KEDAH",0,6.032226365,100.692824
"NO 2 PASAR PADANG SERAI
KEDAI REMPAH SAYUR IKAN
CIK AMINAH 
",0,5.506195039,100.5515791
"PASAR PADANG SERAI
PASAR (AHAD)
EN BORHAN
",0,5.506195039,100.5515791
"NO 1 SANTAN IKAN KERING
PUAN HALIMAH

",0,5.506195039,100.5515791
"NO 196,JALAN MELOR 1/6
PERSIARAN AMANJAYA 5, BANDAR AMANJAYA
SUNGAI PETANI
KEDAH",0,5.667648834,100.528393
"MARKET AMPANGAN HEIGHT
SUNGAI PETANI
PUAN ROHANI BTE RAHMAN
KEDAH",0,5.664007057,100.5023473
"NO 10 JALAN MURNI 2
TAMAN JIWA MURNI
PEKAN JENIANG,
KEDAH",0,5.790674446,100.4794491
"PEKAN YAN KECIL
 YAN
KEDAH
",0,5.824299044,100.3862342
"TAMAN SETIA BUDI
TIKAM BATU
SUNGAI PETANI
KEDAH",0,5.57954096,100.4382461
"LOT 3/1 KUBANG SEMANG 
PULAU PINANG
KEDAH
",0,5.407072817,100.4635342
"NO 3 PASAR AWAM PENANTI
PUAN ROHAYU

",0,5.407072817,100.4635342
"653 MUKIM 5, KG.PETANI,
KUBANG SEMANG
BUKIT MERTAJAM
PULAU PINANG",0,5.407279058,100.4580608
"AHMAD SANUSI
KAMPUNG PELET 
KUBANG SEMANG
PINENG",0,5.410595645,100.4618224
"NO. 6443-A NC70
JLN KUALA MUDA 
PENAGA
",0,5.5698289,100.3500239
"1375,JALAN KUALA MUDA ,
TAMAN PERDA KUALA MUDA
PENAGA
",0,5.571328839,100.3412335
"NO 6,LORONG 1/1 TAMAN SERAI WANGI
PADANG SERAI 
KEDAH
09400",0,5.515191568,100.5431509
"NO 1026,LORONG SERAI WANGI 8/6
TAMAN SERAI WANGI,
PADANG SERAI
KEDAH ",0,5.520025988,100.546947
"PASAR [AGI 


",0,5.505239313,100.5509299
"PADANG SERAI
PASAR PAGI
PUAN ATIRAH
",0,5.505239313,100.5509299
"PASAR KEPALA BATAS
PULAU PINANG

",0,5.516216396,100.4165594
"SUNGAI PETANI
KEDAH

",0,5.701918943,100.5199938
"KEDAH


",0,5.701918943,100.5199938
"KEDAH


",0,5.701918943,100.5199938
"HR IMTIYAZ ENTERPRISE

SUNGAI PETANI
KEDAH DARUL AMAN",0,5.621602976,100.4661409
"NO4&5 DATARAN USAHAWAN
KOTA SARANG SEMUT
ALOR SETAR
KEDAH",0,5.973243863,100.4011691
"KEDAH


",0,5.721618201,100.4142549
"KEDAH


",0,6.241968752,100.4200665
"KEDAH


",0,6.241968752,100.4200665
"KEDAH


",0,6.118049011,100.3684247
"PEETUBUHAN PELADANG KAWASAN
KUBUR PANJANG 
PENDANG
KEDAH",0,6.085448963,100.5530967
"LOT 70 LORONG KOTA KENARI 1/1

KULIM
KEDAH",0,5.37282133,100.5693406
"986 & 987, JALAN PERUDA 1B
TAMAN PERUDA .
SUNGAI PETANI
KEDAH DARUL AMAN",0,5.64991924,100.502868
"BANDAR PUTERI
SUNGAI PETANI
KEDAH
",0,5.614753266,100.5338394
"PASAR TAMAN LIA 
SUNGAI PETANI

",0,5.661521177,100.5047976
"NO.11, SUSURAN MAS MERAH,
TAMAN MAS INDAH, TITI
ALOR SETAR
KEDAH",0,6.142950762,100.3665473
"KEDAI RUNCIT LUBOK KAWAH

JITRA
KEDAH",0,6.234041494,100.4008044
"JLN LUBUK KAWAH

JITRA
KEDAH",0,6.234041494,100.4008044
"PASAR AWAM KODIANG


KEDAH",0,6.392532443,100.3047149
"KEDAH


",0,6.173174059,100.3005681
"MAMA Q MINI MARKET

YAN
KEDAH DARUL AMAN",0,5.795093644,100.3726713
"NO 9,JALAN SERAYA EMAS,
TAMAN SERAYA EMAS,
SUNGAI PETANI
KEDAH",0,5.583231073,100.487544
"KG NOR BERALA TEBIAQ
PENDANG
PULAU PINANG
KEDAH DARUL AMAN",0,6.061985992,100.4720788
"NO 01,KEDAI KG.PENYEROM
MUKIM TOBIAT
PENDANG,
KEDAH ",0,6.044265667,100.5018421
"KG.KUALA LANJUT
MUKIM LESONG
ALOR SETAR
KEDAH DARUL AMAN",0,6.086817409,100.514588
"54A,
PEKAN JITRA 2
JITRA
KEDAH",0,6.259907668,100.4194547
"NO 5 GROUND FLOOR &1ST FLOOR
JALAN SENA PERMAI,TAMAN SENA PERMAI
TASEK GELUGOR
PULAU PINANG",0,5.488645366,100.462715
"NO 132 KG BATAS
PADANG SERAI
KEDAH
",0,5.512489401,100.5555763
"JALAN PINANG TUNGGAL
PADANG SERAI
TAMAN SERA
KEDAH",0,5.513931073,100.5527927
"DEPAN MASJID PEKAN MERBAU PULAS

KUALA KETIL
KEDAH",0,5.560180784,100.6368083
"AMBANGAN HEIGHT (IKAN & SAYUR)
NO 134, JLN MELOR 1/6
SUNGAI PETANI 
KEDAH",0,5.692119098,100.5395129
"NO 314, TGKT BWH, BIZ PARK 4,
JLN MELOK 1/3 AMBANGAN HEIGHT
SUNGAI PETANI 
KEDAH",0,5.682818101,100.526721
"PASAR AWAM PADANG SERAI
(TEPI JALAN)
PADANG SERAI
KEDAH",0,5.506744135,100.5522763
"NO 13, PASAR SIMPANG KUALA

ALOR SETAR
KEDAH",0,6.099393462,100.3665997
"PASAR AWAM 
KUALA KEDAH
ALOR SETAR
KEDAH",0,6.113503964,100.3611775
"JLN ANAK BUKIT TITI GAJAH 
NO. 4, SEBELAH HOTEL TABUNG HAJI JITRA)
JITRA
KEDAH",0,6.1429459,100.3665359
"F101, KAMPUNG HUTAN GELAM
TIKAM BATU

KEDAH",0,5.452807267,100.5397847
"NO. 8, PLAZA MENTALON
MENTALON
ALOR SETAR
KEDAH",0,6.161826506,100.3691782
"NO.19 TINGKAT BAWAH, JALAN PERTIWI
PERSIARAN JEJAWI UTARA
KANGAR
PERLIS",0,6.444821805,100.235459
"NO. 3, PASAR BANDAR PUTERI

SG PETANI
KEDAH",0,5.611654501,100.5320369
"NO 7, PASAR BANDAR PUTERI 

SG PETANI
KEDAH",0,5.611654501,100.5320369
"TEPI JALAN
IKAN SAYUR JALAN JEJAWI
KANGAR
PERLIS",0,6.406889322,100.2267991
"JALAN BESAR PAUH

KANGAR
PERLIS",0,6.433521594,100.2956428
"JALAN PADANG NYU

KANGAR
PERLIS",0,6.4448004,100.2354568
"POKOK SENA

KEPALA BATAS
KEDAH",0,6.208988404,100.4058233
"NO 54, RUMAH KEDAI PEKEMPAR
TAMAN ANGGERIK 
ALOR SETAR
KEDAH",0,6.274911021,100.4044588
"NO 571,
JALAN TAMAN BATIK, SUNGAI PETANI
KUALA MUDA
KEDAH",0,5.631596105,100.5366282
"NO 209
JALAN ANGSANA 9, TAMAN ANGSANA
POKOK SENA
KEDAH",0,6.162192269,100.5036864
"NO. 12, 13, 14 LORONG SERAI WANGI 2/1
TAMAN SERAI WANGI
PADANG SERAI
KEDAH",0,5.515628028,100.5503483
"NO.1
PASAR AWAM BANDAR BARU

KEDAH",0,5.130377577,100.4945176
"NO. 5 (GROUND FLOOR) SUSURAN
PULASAN TAMAN PULASAN 2, PEKAN TEROI
YAN
KEDAH",0,5.851580882,100.4417623
"NO.2, TAMAN SUTERA JAYA
JALAN KUALA KETIL
SUNGAI PETANI
KEDAH",0,5.628147411,100.5250075
"NO. 5, PERSIARAN UTAMA
TAMAN SRI WAWASAN 
PENDANA
KEDAH",0,5.980178894,100.4552497
"NO. 7, KOPERASI MUKIM SIDAM KANAN
KAMPUNG GUAR LOBAK
PADANG SERAI
KEDAH",0,5.530950749,100.5432953
"KAMPUNG BATU 1

KUALA KETIL
KEDAH",0,5.605918081,100.6618186
"NO 20 JALAN KEMUNTING MAJU
TINGKAT BAWAH TAMAN KEMUNTING
KULIM
KEDAH",0,5.350344119,100.5277766
"TINGKAT BAWAH NO 24 LORONG 1
TAMAN DESA CINTA SAYANG
PADANG SERAI
KEDAH",0,5.418792985,100.5383969
"29A - 30A, JALAN LEMBANH BUJANG UTAMA 1
TAMAN LEMBAH BUJANG
BEDONG
KEDAH",0,5.698530953,100.4348269
"NO 39 JALAN PENDANG SQUARE 1
PENDANG SQUARE 
PENDANG
KEDAH",0,5.989163203,100.4756004
"LOT 41 & 42 TINGKAT BAWAH
PEKAN BARU, JALAN SEMELIANG
KUALA NERANG
KEDAH",0,6.258912534,100.6097722
"NO 11, 
JALAN KAMPUNG KANGKONG, SIMPANG EMPAT
ALOR SETAR
KEDAH",0,6.023759487,100.3805175
"NO 1, BATU 5,
JALAN JENIANG,
GURUN
KEDAH",0,5.814527587,100.540351
"MASJID TAMAN BERTAM INDAH
KEPALA BATAS

PULAU PINANG",0,5.5216879,100.4358144
"112-S,KAMPUNG MASJID
SUNGAI PASIR
SUNGAI PETANI
KEDAH ",0,5.616922962,100.4614907
"3A(TKT BAWAH), LRG, MERBAU INDAH 1
TAMAN MERBAU INDAH
KUALA KETIL
KEDAH",0,5.563760003,100.6363076
"PASAR BESAR NO 8

ALOR SETAR
KEDAH",0,6.103799107,100.3505148
"NO 89/90
PASAR BESAR ALOR SETAR
ALOR SETAR
KEDAH",0,6.103799107,100.3505148
"NO 1, KOMPLEKS PERNIAGAAN SAGA
JLN ALOR MENGKUANG
ALOR SETAR
KEDAH",0,6.132643163,100.3897405
"TAMAN KEMPAS 
JLN BESAR TAMAN KEMPAS
SUNGAI PETANI
KEDAH",0,5.601296492,100.4829834
"2299, LRG SERAMPANG 9,
TMN RIA JAYA
SUNGAI PETANI
KEDAH ",0,5.653648692,100.5264858
"KG ULU TAWAR
KARANGAN KEDAH

KEDAH",0,5.490051057,100.7509134
"NO 7, PASAR FELDA TELOI TIMUR

SIK 
KEDAH",0,5.716018524,100.6764239
"3C, KAMPUNG LUBUK KAWAH,
JALAN ISTANA
JITRA
KEDAH",0,6.231040835,100.4026162
"NO 85,JALAN MAHSURI 
TAMAN MAHSURI
JITRA
KEDAH",0,5.508278851,100.5376986
"KG ALOR BATU MUKIM GELONG

JITRA
KEDAH",0,6.122540854,100.3485905
"LOT 9,10,11 & 12, TAPAK PEKAN SEHARI,
PEKAN PADANG SERA,
KODIANG
KEDAH",0,6.377946561,100.3385592
"NO 4, KEDAI IKAN/SAYUR(KIOSK)
PASAR AWAM KEPALA BATAS
JITRA
KEDAH",0,5.516474989,100.4155082
"NO 32, TAMAN SERI BEDONG
PEKAN BEDONG
SUNGAI PETANI
KEDAH",0,5.741346209,100.5082122
"NO 3,RUMAH KEDAI MERBOK
TAMAN BUJANG SETIA
SUNGAI PETANI
KEDAH",0,5.722001361,100.4141143
"NO 37 PEKAN MERBOK
MERBOK
SUNGAI PETANI
KEDAH",0,5.722001361,100.4141143
"BANDAR PUTERI JAJA

SUNGAI PETANI
KEDAH",0,5.700566845,100.5273227
"MD 34
TAMAN RIA
SUNGAI PETANI
KEDAH",0,5.661505083,100.5047941
"NO 246, JALAN GAMELAN 4,
TAMAN RIA JAYA
SUNGAI PETANI
KEDAH",0,5.652056018,100.5161497
"LESUNG MART
BANDAR PUTERI JAYA
SUNGAI PETANI
KEDAH",0,5.613263022,100.5331579
"NO 29, TAMAN KOPERASI
JALAN TUN RAZAK
ALOL SETAR
KEDAH",0,6.13613015,100.3883123
"NO 12 LORONG IKS BUKIT MINYAK 1B
TAMAN IKS BUKIT MINYAK FASA II
IKS BUKIT MINYAK PERDA, BUKIT MERTAJAM
PULAU PINANG",0,5.321505873,100.4544343
"108, JALAN DANDAR PUTERI JAYA 1/1
BANDAR PUTERI JAYA
SUNGAI PETANI
KEDAH",0,5.6160058,100.5340819
"NO 57 KAMPUNG AIR PUTEH DALAM

PENDANG
KEDAH",0,5.904449,100.5071143
"BLOK 2D, JALAN GARUDA
FELDA RIMBA MAS
PADANG BESAR 
PERLIS",0,6.6459389,100.2978773
"NO 77 
JALAN TBA2
ARAU
PERLIS",0,6.4448835,100.2674844
"NO C55 BAWAH
JALAN MATANG GEDONG, TAMAN SEJATI
SUNGAI PETANI
KEDAH",0,5.6714197,100.5069279
"NO. 164, JALAN MUTIARA 3/2
TAMAN MUTIARA FASA 3A
KARANGAN 
KEDAH",0,5.432312,100.63991
"NO 217 SURIA COMMERCIAL CENTRE
JALAB BARY HOSPITAL DAERAH
TAMAN SURIA 2, JITRA
KEDAH",0,6.2804564,100.4173927
"NO. 18, SEKSYEN 4/2
BANDAR PUTRA BERTAM
KEPALA BATAS
KEDAH",0,5.5188342,100.4853185
"NO.5, PERSIARAN SEKSYEN 4/12
BANDAR PUTRA BERTAM
KEPALA BATAS
PULAU PINANG",0,5.5190426,100.4819946
"A35 & A36 JALAN 3A
CINTA SAYANG RESORT HOMES
SUNGAI PETANI
KEDAH",0,5.6662662,100.5310137
"LADANG REMPAH RATUS  & HERBA


",0,,
#NAME?,"30,000.00",6.4457097,100.204894
"NO 1000 & 1002
JLN DATO' ISMAIL HASHIM
BAYAN LEPAS
PULAU PINANG",0,5.308203,100.265338
"NO 116 GF TAMAN TUNAS MUDA
JALAN DATO ISMAIL HASHIM, SUNGAI ARA
BAYAN LEPAS
PULAU PINANG",0,5.3271789,100.2728069
"NO 1026 JlN DATO' ISMAIL HASHIM
BAYAN LEPAS
PULAU PINANG
",0,5.3076196,100.2650741
"NO 1 KEDAI KOMPLEK MPSP
KUBANG SEMANG
BUKIT MERTAJAM
PULAU PINANG",0,5.3546784,100.4495229
"NO 54 LRG MENGKUANG INDAH
BUKIT MERTAJAM
PULAU PINANG
",0,5.4101117,100.4865611
"649, MK 3, KG PELET
KUBANG SEMANG
BUKIT MERTAJAM
PULAU PINANG",0,5.4129093,100.4616137
"LOT 2151, MUKIM 4
JLN BESAR PENAGA
KEPALA BATAS
PULAU PINANG",0,5.5288034,100.381727
"NO 1567, TAMAN KOSKAM
JALAN PONGSU SERIBU
KEPALA BATAS
PULAU PINANG",0,5.49355,100.4508599
"LOT 6167 & 6168
JALAN BERTAM INDAH
KEPALA BATAS
PULAU PINANG",0,5.5345775,100.4338305
"NO 16 LORONG BERTAM INDAH 12
TAMAN BERTAM INDAH
KEPALA BATAS
PULAU PINANG",0,5.5253435,100.4354097
"1724 & 1725, JLN PERAK
KEPALA BATAS
PULAU PINANG
",0,5.5063858,100.42395
"1169 PERMATANG TOK LABU
PENAGA
PULAU PINANG
",0,5.5510823,100.3784199
"LOT SBL 814, SIMPANG 3
PERMATANG TOK BRAIN
PENAGA
PULAU PINANG",0,5.547141253,100.3779645
"27, JALAN PAUH INDAH 1
TAMAN PAUH
PERMATANG PAUH
PULAU PINANG",0,5.375036,100.420125
"NO 17, JALAN PAUH INDAH 1
TAMAN PAUH INDAH
PERMATANG PAUH
PULAU PINANG",0,5.3751644,100.4203978
"NO 6, JALAN TASEK S3
BANDAR TASEK MUTIARA
SIMPANG AMPAT
PULAU PINANG",0,5.2847315,100.4935755
"NO 21 LORONG PANGLIMA 2
BERTAM PEDANA 3
KEPALA BATAS
PULAU PINANG",0,5.5390424,100.4663543
"KEPALA BATAS
PULAU PINANG

",0,5.4743105,100.4298963
"NO 3&4 LORONG PANGLIMA 2
BERTAM PERDANA
KEPALA BATAS
PULAU PINANG",0,5.5391821,100.4667688
"NO 12 LORONG PERDA UTAMA 7
BANDAR PERDA BUKIT MERTAJAM
BUKIT MERTAJAM
PULAU PINANG",0,5.366083,100.4359514
"PASAR KUALA BATAS
KEPALA BATAS
PULAU PINANG
",0,5.5162066,100.4165763
"NO. 3 & 5, LORONG PANGLIMA 2 
PERSIARAN BERTAM PERDANA 3, TAMAN BERTAM
KEPALA BATAS
PULAU PINANG",0,5.5391821,100.4667688
"MASJID QARYAH,TMN BERTAM INDAH
KEPALA BATAS
PULAU PINANG
",0,5.521674,100.435823
"JALAN BUTTERWORTH
KEPALA BATAS
PULAU PINANG
",0,5.5164269,100.4155132
"JALAN SAMA GAGAH
TAMAN SEMAGAGAH
PERMATANG PAUH
PULAU PINANG",0,5.4119187,100.4120003
"103, 104, PASAR AWAM
TAMAN SAMAGAGAH
BUTTERWORTH
PENANG",0,5.4099465,100.3703579
"1555 & 1556 TMN KOSKAM 
PONGSU SERIBU KEPALA BATAS, SEBERANG PER
KEPALA BATAS
PULAU PINANG",0,5.4934669,100.4510943
"53 JLN PEKAKA, TAMAN PEKAKA
NIBONG TEBAL
PULAU PINANG
",0,5.1402232,100.4915526
"17, LORONG PERDA UTAMA 13
BANDAR PERDA
BUKIT MERTAJAM
PULAU PINANG",0,5.3671289,100.4314459
"JLN SAMA GAGAH
TAMAN SAMAGAGAH
PERMATANG PAUH
PULAU PINANG",0,5.4119187,100.4120003
"JALAN SAMA GAGAH
TAMAN SAMAGAGAH
PERMATANG PAUH
PULAU PINANG","30,000.00",5.4119187,100.4120003
"NO 18, LORONG PERDA UTAMA 7
BANDAR PERDA,
BUKIT MERTAJAM,
PULAU PINANG","30,000.00",5.3669829,100.4291779
"JALAN SAMA GAGAH
TAMAN SEMAGAGAH
PERMATANG PAUH
","30,000.00",5.4119187,100.4120003
"MASJID ALOR PONGSU 

KEPALA BATAS
PULAU PINANG",0,5.052094,100.5885389
"NO, 85&87, JALAN DESA ARA
TAMAN DESA ARA
TASEK GELUGOR
PULAU PINANG",0,5.4336511,100.523559
"PINANG TUNGGAL, 13210 KEPALA BATAS

SEBERANG PERAI
PULAU PINANG",0,5.5829632,100.4958678
"NO. 13, JALAN PAKU LIMA
PASAR AWAM BAGAN AJAM
BUTTERWORTH
PULAU PINANG",0,5.4421157,100.3829417
"1055 - G -28
KOMPLEKS PENJAJA JALAN RAJAWALI
BAYAN LEPAS
PULAU PINANG",0,5.332703,100.29074
"SHAHEEN JAYA TRADING
524, PONGSU SERIBU
KEPALA BATAS
PULAU PINANG",0,5.4958047,100.4460927
"PASAR AWAM PENANTI 

BUKIT MERTAJAM
PULAU PINANG",0,5.4070811,100.4635398
"PASAR AWAM PENANTI 

BUKIT MERTAJAM
PULAU PINANG",0,5.4070811,100.4635398
"NO. 40, JALAN TASEK SS3
BANDAR TASEK MUTIARA
SIMPANG AMPAT
PULAU PINANG",0,5.28466,100.4948029
"KUBANG SEMANG


PULAU PINANG",0,5.4037294,100.4631934
"MEDAN SELERA LOT 6160 
JLN BERTAM INDAH
KUALA BATAS
PULAU PINANG",0,5.5346055,100.4344253
"PASAR AWAM BAYAN LEPAS


PULAU PINANG",0,5.3130868,100.2658414
"PASAR AWAM BAYAN LEPAS


PULAU PINANG",0,5.3248474,100.2718859
"NO 122, JLN KG PENING
PADANG SERA PEKAN

PULAU PINANG",0,5.4163935,100.3326786
"NO 14, JLN TASEK SS 3
BANDAR TASEK MUTIARA
SIMPANG AMPAT
PULAU PINANG",0,5.2846514,100.4945086
"JLN DATO ISMAIL HASYIM

BAYAN LEPAS
PULAU PINANG",0,5.3286336,100.2737757
"NO 18, 
LORONG PERDA UTAMA 18
BUKIT MERTAJAM
PULAU PINANG",0,5.367063,100.428569
"LOT 732 MUKIM 21
KG PADANG IBU
DAERAH KUBANG SEMANG
PULAU PINANG",0,5.4263981,100.4678022
"NO 20, JALAN PADANG NYU
ARAU
PERLIS
",0,6.4504046,100.2677741
"NO 1, PASAR BESAR ARAU
ARAU
PERLIS
",0,6.4365698,100.2696018
"34, TAMAN SERI INTAN ARAU
ARAU
PERLIS
",0,6.4175199,100.2758086
"NO 2, JALAN TBA 6, TAMAN BERSATU
ARAU
PERLIS
",0,6.4432846,100.2666041
"BLOK 2D, JLN GARUDA
FELDA RIMBA MAS
PADANG BESAR(U)
PERLIS",0,6.644176,100.29758
"NO 4 GERAI SWASTA
JALAN BUKIT KETERI, BESERI
KANGAR
PERLIS",0,6.5186111,100.2633333
"KM 11 JLN KAKI BUKIT 
BESERI
KANGAR
PERLIS",0,6.53566,100.228154
"NO. 39, BATU 1/2
DEPAN KILANG, JALAN PAUH
ARAU
PERLIS",0,6.4407576,100.1817456
"NO 6 BANGUNAN RUMAH KEDAI 
ATAS & BAWAH, JALAN SERI SENA, TAMAN SER
KANGAR
PERLIS",0,6.4352998,100.2020914
"NO 11, TAMAN INDRA
JALAN SEKOLAH DERMA
KANGAR
PERLIS",0,6.446016,100.2013308
"KEDAI NO 8,9 
PEKAN KOTA KUALA MUDA
KANGAR
PERLIS",0,5.5868219,100.3730357
"BATU 1/4, JALAN GIAL
MATA AYER
PERLIS
",0,6.4759836,100.2606048
"KAMPUNG SERI SEPAKAT 
JALAN TITI TINGGI
PADANG BESAR
PERLIS",0,6.6441566,100.2567346
"8-A, KAMPUNG BARU
PADANG BESAR
PERLIS
",0,6.6580416,100.3178884
"PASAR AWAM PAUH
ARAU
PERLIS
",0,6.435012,100.2997829
"37, JALAN JUBLI PERAK
PUSAT BANDAR KANGAR
KANGAR
PERLIS",0,6.4359126,100.192604
"38, JALAN JUBLI PERAK
PUSAT BANDAR KANGAR
KANGAR
PERLIS",0,6.4359126,100.192604
"TAMAN PAUH
ARAU
PERLIS
",0,6.435012,100.2997829
" BESERI
KANGAR
PERLIS
",0,6.5260581,100.2290862
"KM 11 JLN KAKI BUKIT
BESERI
PERLIS
","30,000.00",6.509256,100.225842
#NAME?,"30,000.00",6.4283436,100.2798487
#NAME?,"30,000.00",6.5268062,100.2296347
"NO 1, TINGKAT BAWAH,
JALAN SRI HATAMAS
KANGAR
PERLIS","30,000.00",6.4157156,100.2025451
"37, JALAN JUBLI PERAK
PUSAT BANDAR KANGAR
KANGAR
PERLIS","30,000.00",6.4359126,100.192604
#NAME?,"30,000.00",6.4359126,100.192604
"PASAR AWAM TAMBA


","30,000.00",6.445797897,100.2049116
"TEPI JALAN BESAR
BERSERI
PERLIS
","30,000.00",6.5152524,100.2313292
#NAME?,"30,000.00",6.4365095,100.2005804
#NAME?,"30,000.00",6.4365095,100.2005804
#NAME?,"30,000.00",6.4150607,100.1826417
"NO 65A, KAMPUNG ABI KUBANG BADAK

KANGAR
PERLIS",0,6.495997,100.2080891
"NO 77 JALAN TBA 2
TAMAN BERSATU
ARAU
PERLIS",0,6.4449857,100.267747
"NO 13 TINGKAT BAWAH, TAMAN GURU JAYA
JALAN KAKI BUKIT
KANGAR
PERLIS",0,6.4504096,100.2055186
"JALAN ARAU KODIANG, TAMAN UTARA FASA 2
GUAR SANJI
ARAU
PERLIS",0,6.4258297,100.2722222